GeoFIPS,GeoName,Region,TableName,ComponentName,Unit,Line,IndustryClassification,Description,1997,1998,1999,2000,2001,2002,2003,2004,2005,2006,2007,2008,2009,2010,2011,2012,2013,2014,2015,2016,2017,2018
 "26000" ,"Michigan",3,SAEXP2,"Per capita personal consumption expenditures (PCE) by state","Dollars",1,"...","Per capita personal consumption expenditures",20566,21517,22796,23991,24701,25391,26274,27458,28543,29554,30307,31162,30803,31710,32928,33613,34274,35517,36607,37795,39118,40764
 "26000" ,"Michigan",3,SAEXP2,"Per capita personal consumption expenditures (PCE) by state","Dollars",2,"..."," Goods",7469,7747,8374,8711,8832,8978,9101,9449,9564,9689,9831,9966,9547,10016,10609,10849,11053,11418,11555,11843,12397,12893
 "26000" ,"Michigan",3,SAEXP2,"Per capita personal consumption expenditures (PCE) by state","Dollars",3,"...","  Durable goods",2694,2868,3153,3200,3236,3353,3275,3357,3289,3236,3210,3088,2932,3068,3205,3347,3425,3590,3760,3915,4062,4187
 "26000" ,"Michigan",3,SAEXP2,"Per capita personal consumption expenditures (PCE) by state","Dollars",4,"...","   Motor vehicles and parts",1089,1135,1230,1208,1265,1322,1186,1107,991,861,802,755,756,843,918,989,1030,1126,1184,1216,1259,1299
 "26000" ,"Michigan",3,SAEXP2,"Per capita personal consumption expenditures (PCE) by state","Dollars",5,"...","   Furnishings and durable household equipment",614,657,722,769,755,771,763,805,799,786,753,711,650,665,683,715,735,758,819,880,932,947
 "26000" ,"Michigan",3,SAEXP2,"Per capita personal consumption expenditures (PCE) by state","Dollars",6,"...","   Recreational goods and vehicles",637,706,796,793,804,841,875,953,970,1003,1016,987,901,910,917,937,943,966,969,1013,1045,1068
 "26000" ,"Michigan",3,SAEXP2,"Per capita personal consumption expenditures (PCE) by state","Dollars",7,"...","   Other durable goods",354,370,405,429,412,419,451,492,529,586,639,635,625,650,688,706,717,740,786,807,827,873
 "26000" ,"Michigan",3,SAEXP2,"Per capita personal consumption expenditures (PCE) by state","Dollars",8,"...","  Nondurable goods",4775,4879,5221,5511,5596,5626,5826,6092,6276,6453,6621,6878,6614,6948,7403,7502,7628,7828,7795,7928,8335,8706
 "26000" ,"Michigan",3,SAEXP2,"Per capita personal consumption expenditures (PCE) by state","Dollars",9,"...","   Food and beverages purchased for off-premises consumption",1809,1834,1928,1980,2048,2070,2102,2185,2198,2223,2290,2367,2413,2454,2535,2607,2616,2699,2752,2837,2966,3033
 "26000" ,"Michigan",3,SAEXP2,"Per capita personal consumption expenditures (PCE) by state","Dollars",10,"...","   Clothing and footwear",880,895,941,951,926,902,902,906,902,896,880,867,848,884,900,923,925,934,947,956,954,972
 "26000" ,"Michigan",3,SAEXP2,"Per capita personal consumption expenditures (PCE) by state","Dollars",11,"...","   Gasoline and other energy goods",550,495,547,706,661,616,720,794,945,1050,1119,1274,923,1105,1367,1325,1360,1323,1032,929,1052,1210
 "26000" ,"Michigan",3,SAEXP2,"Per capita personal consumption expenditures (PCE) by state","Dollars",12,"...","   Other nondurable goods",1535,1654,1805,1874,1961,2038,2102,2207,2231,2284,2333,2369,2430,2505,2601,2647,2728,2872,3064,3206,3363,3490
 "26000" ,"Michigan",3,SAEXP2,"Per capita personal consumption expenditures (PCE) by state","Dollars",13,"..."," Services",13097,13769,14422,15281,15868,16412,17173,18008,18978,19865,20475,21196,21256,21695,22320,22763,23222,24099,25052,25952,26721,27871
 "26000" ,"Michigan",3,SAEXP2,"Per capita personal consumption expenditures (PCE) by state","Dollars",14,"...","  Household consumption expenditures (for services)",12430,12980,13575,14354,14845,15335,16009,16813,17748,18472,19084,19633,19653,20055,20585,20919,21320,22153,23056,23852,24541,25558
 "26000" ,"Michigan",3,SAEXP2,"Per capita personal consumption expenditures (PCE) by state","Dollars",15,"...","   Housing and utilities",3480,3635,3837,4026,4281,4479,4659,4862,5236,5523,5684,5897,5989,5965,6017,5994,6046,6178,6289,6466,6647,6883
 "26000" ,"Michigan",3,SAEXP2,"Per capita personal consumption expenditures (PCE) by state","Dollars",16,"...","   Health care",2870,2933,2988,3148,3320,3518,3731,4015,4280,4532,4806,5058,5313,5527,5717,5862,5877,6045,6386,6675,6788,7031
 "26000" ,"Michigan",3,SAEXP2,"Per capita personal consumption expenditures (PCE) by state","Dollars",17,"...","   Transportation services",1174,1174,1271,1347,1314,1273,1286,1341,1332,1308,1293,1328,1233,1265,1388,1418,1466,1590,1626,1729,1765,1843
 "26000" ,"Michigan",3,SAEXP2,"Per capita personal consumption expenditures (PCE) by state","Dollars",18,"...","   Recreation services",955,992,1027,1064,1052,1089,1128,1172,1207,1231,1278,1315,1304,1329,1337,1389,1480,1559,1635,1744,1841,1897
 "26000" ,"Michigan",3,SAEXP2,"Per capita personal consumption expenditures (PCE) by state","Dollars",19,"...","   Food services and accommodations",1102,1148,1187,1242,1268,1318,1356,1409,1445,1478,1539,1569,1563,1630,1744,1844,1890,1978,2126,2221,2326,2456
 "26000" ,"Michigan",3,SAEXP2,"Per capita personal consumption expenditures (PCE) by state","Dollars",20,"...","   Financial services and insurance",1398,1527,1664,1848,1794,1829,1925,2053,2217,2291,2333,2282,2063,2113,2150,2157,2289,2464,2614,2575,2641,2793
 "26000" ,"Michigan",3,SAEXP2,"Per capita personal consumption expenditures (PCE) by state","Dollars",21,"...","   Other services",1451,1571,1601,1679,1816,1829,1923,1962,2032,2110,2152,2184,2189,2225,2233,2255,2272,2340,2380,2443,2533,2655
 "26000" ,"Michigan",3,SAEXP2,"Per capita personal consumption expenditures (PCE) by state","Dollars",22,"...","  Final consumption expenditures of nonprofit institutions serving households (NPISHs)",667,789,847,927,1024,1077,1164,1195,1230,1392,1392,1563,1603,1640,1734,1844,1901,1946,1996,2100,2180,2313
 "26000" ,"Michigan",3,SAEXP2,"Per capita personal consumption expenditures (PCE) by state","Dollars",23,"...","   Gross output of nonprofit institutions",2391,2566,2680,2836,3038,3212,3398,3603,3768,4044,4137,4356,4504,4614,4752,4909,5035,5181,5424,5686,5899,6183
 "26000" ,"Michigan",3,SAEXP2,"Per capita personal consumption expenditures (PCE) by state","Dollars",24,"...","   Less: Receipts from sales of goods and services by nonprofit institutions",1724,1777,1833,1909,2014,2135,2234,2408,2538,2652,2745,2793,2900,2974,3018,3065,3133,3235,3427,3585,3719,3869
"Note: See the included footnote file."
"SAEXP2: Per capita personal consumption expenditures (PCE) by state 1/"
"Last updated: October 3, 2019-- new per capita PCE by state statistics for 2018; revised statistics for 2010-2017."
"Source: U.S. Department of Commerce / Bureau of Economic Analysis / Regional Economic Accounts"
