GeoFIPS,GeoName,Region,TableName,ComponentName,Unit,Line,IndustryClassification,Description,1997,1998,1999,2000,2001,2002,2003,2004,2005,2006,2007,2008,2009,2010,2011,2012,2013,2014,2015,2016,2017,2018
 "55000" ,"Wisconsin",3,SAEXP1,"Total personal consumption expenditures (PCE) by state","Millions of current dollars",1,"...","Personal consumption expenditures",104275.7,110367.9,118228.2,126170.8,131628.0,137017.5,144583.7,153234.9,161419.3,170100.8,177155.1,183245.8,182094.8,187741.3,195262.7,198867.4,204563.8,211934.2,218336.5,226020.6,235219.6,246818.0
 "55000" ,"Wisconsin",3,SAEXP1,"Total personal consumption expenditures (PCE) by state","Millions of current dollars",2,"..."," Goods",38687.1,40226.6,43731.6,46298.3,46950.1,48044.6,50053.0,53176.6,55450.1,58215.2,59835.7,61013.4,58296.1,60472.8,63797.7,64885.4,67120.8,69607.0,70340.5,72349.9,75494.6,79040.4
 "55000" ,"Wisconsin",3,SAEXP1,"Total personal consumption expenditures (PCE) by state","Millions of current dollars",3,"...","  Durable goods",14217.0,15284.4,16772.3,17310.0,17738.0,18528.0,19112.1,20014.1,20183.4,20081.1,20256.7,19506.7,18642.5,19175.1,19631.7,20036.8,21136.0,22448.2,23410.5,24566.6,25634.7,26626.7
 "55000" ,"Wisconsin",3,SAEXP1,"Total personal consumption expenditures (PCE) by state","Millions of current dollars",4,"...","   Motor vehicles and parts",6240.5,6671.7,7258.7,7337.3,7681.4,7851.6,7712.6,7628.8,7315.1,6700.5,6796.4,6180.6,6073.6,6470.7,6751.2,7153.7,7524.6,8041.5,8622.7,8851.7,9346.5,9686.7
 "55000" ,"Wisconsin",3,SAEXP1,"Total personal consumption expenditures (PCE) by state","Millions of current dollars",5,"...","   Furnishings and durable household equipment",3090.6,3331.5,3704.0,3867.7,3932.7,4147.6,4373.0,4736.4,4862.5,4900.3,4798.5,4551.7,4237.4,4317.2,4375.9,4351.6,4551.3,4800.0,5197.1,5531.4,5706.5,6046.1
 "55000" ,"Wisconsin",3,SAEXP1,"Total personal consumption expenditures (PCE) by state","Millions of current dollars",6,"...","   Recreational goods and vehicles",3492.1,3809.8,4204.0,4444.7,4484.9,4808.7,5173.2,5676.6,5940.8,6210.1,6259.3,6343.4,5885.4,5887.3,5942.0,5950.0,6380.8,6851.7,6840.2,7390.7,7793.4,7978.4
 "55000" ,"Wisconsin",3,SAEXP1,"Total personal consumption expenditures (PCE) by state","Millions of current dollars",7,"...","   Other durable goods",1393.9,1471.4,1605.6,1660.3,1638.9,1720.0,1853.3,1972.3,2065.0,2270.2,2402.5,2431.0,2446.1,2500.0,2562.6,2581.5,2679.4,2755.1,2750.5,2792.8,2788.2,2915.5
 "55000" ,"Wisconsin",3,SAEXP1,"Total personal consumption expenditures (PCE) by state","Millions of current dollars",8,"...","  Nondurable goods",24470.1,24942.2,26959.4,28988.3,29212.1,29516.7,30940.9,33162.5,35266.7,38134.1,39579.0,41506.7,39653.7,41297.6,44166.1,44848.6,45984.7,47158.8,46930.0,47783.2,49859.9,52413.7
 "55000" ,"Wisconsin",3,SAEXP1,"Total personal consumption expenditures (PCE) by state","Millions of current dollars",9,"...","   Food and beverages purchased for off-premises consumption",9709.8,9802.7,10303.5,10602.1,10750.6,10893.8,11074.0,11777.7,12368.9,13226.9,13853.8,14249.5,14302.7,14351.2,14881.2,15277.0,15577.6,16063.8,16551.5,17043.1,17697.6,18344.7
 "55000" ,"Wisconsin",3,SAEXP1,"Total personal consumption expenditures (PCE) by state","Millions of current dollars",10,"...","   Clothing and footwear",4027.0,4150.3,4426.8,4508.3,4512.1,4503.8,4628.0,4712.2,4761.3,4854.8,4789.6,4828.2,4757.2,4875.7,4975.2,5017.8,5111.4,5168.0,5191.0,5275.8,5270.2,5465.9
 "55000" ,"Wisconsin",3,SAEXP1,"Total personal consumption expenditures (PCE) by state","Millions of current dollars",11,"...","   Gasoline and other energy goods",3125.8,2801.7,3198.0,4007.7,3876.9,3677.8,4367.6,5135.1,6156.2,7044.3,7531.1,8639.2,6284.8,7337.0,9016.0,9090.1,9005.6,8706.2,6986.2,6392.8,7216.2,8413.3
 "55000" ,"Wisconsin",3,SAEXP1,"Total personal consumption expenditures (PCE) by state","Millions of current dollars",12,"...","   Other nondurable goods",7607.5,8187.5,9031.1,9870.2,10072.5,10441.3,10871.2,11537.5,11980.2,13008.1,13404.4,13789.9,14309.0,14733.8,15293.8,15463.7,16290.1,17220.9,18201.2,19071.5,19675.9,20189.8
 "55000" ,"Wisconsin",3,SAEXP1,"Total personal consumption expenditures (PCE) by state","Millions of current dollars",13,"..."," Services",65588.6,70141.3,74496.5,79872.5,84677.9,88972.9,94530.7,100058.3,105969.2,111885.6,117319.4,122232.4,123798.6,127268.6,131464.9,133982.0,137443.1,142327.2,147996.0,153670.7,159725.0,167777.6
 "55000" ,"Wisconsin",3,SAEXP1,"Total personal consumption expenditures (PCE) by state","Millions of current dollars",14,"...","  Household consumption expenditures (for services)",62282.6,66314.2,70458.5,75369.5,79827.0,83804.8,88901.7,94365.3,100198.1,105638.5,111059.4,115107.2,116316.7,119561.0,123145.1,125055.3,128042.6,132903.7,138280.1,143454.6,149094.0,156465.2
 "55000" ,"Wisconsin",3,SAEXP1,"Total personal consumption expenditures (PCE) by state","Millions of current dollars",15,"...","   Housing and utilities",17614.8,18529.3,19722.2,21203.4,22749.4,23681.3,24892.0,26097.1,28092.4,29560.3,30739.6,31747.2,31647.4,31917.1,32776.5,33471.7,34441.5,35904.2,36867.8,38111.5,39531.1,41002.3
 "55000" ,"Wisconsin",3,SAEXP1,"Total personal consumption expenditures (PCE) by state","Millions of current dollars",16,"...","   Health care",15383.7,16346.5,17356.0,18687.7,20595.8,22553.7,24441.6,26473.1,28136.9,29809.7,31462.0,33382.7,35266.2,36309.2,37447.8,37934.2,38478.5,39693.9,41834.3,43413.6,44767.1,47074.2
 "55000" ,"Wisconsin",3,SAEXP1,"Total personal consumption expenditures (PCE) by state","Millions of current dollars",17,"...","   Transportation services",3562.7,3822.4,4123.6,4356.9,4504.3,4379.7,4481.3,4715.9,4978.3,5214.3,5381.4,5399.6,5329.7,5414.7,5594.0,5613.4,5886.0,6203.0,6446.9,6796.2,7118.9,7449.9
 "55000" ,"Wisconsin",3,SAEXP1,"Total personal consumption expenditures (PCE) by state","Millions of current dollars",18,"...","   Recreation services",4384.6,4545.0,4801.1,4848.2,5114.1,5384.2,5666.4,5988.5,6237.5,6654.8,7182.4,7339.2,7291.9,7385.3,7380.1,7463.3,7715.9,7909.4,8230.2,8671.0,9047.0,9625.5
 "55000" ,"Wisconsin",3,SAEXP1,"Total personal consumption expenditures (PCE) by state","Millions of current dollars",19,"...","   Food services and accommodations",5895.4,6118.0,6425.3,6906.0,6981.9,7229.7,7753.1,8298.2,8737.2,9281.4,9657.2,9823.7,9762.7,10102.1,10420.1,10804.8,11065.0,11521.8,12379.6,12814.8,13401.5,14102.8
 "55000" ,"Wisconsin",3,SAEXP1,"Total personal consumption expenditures (PCE) by state","Millions of current dollars",20,"...","   Financial services and insurance",6944.3,7764.7,8552.9,9524.7,9263.1,9426.6,9790.9,10369.5,11078.7,11447.1,12185.5,12754.2,12368.3,13625.4,14610.0,14870.4,15533.9,16399.7,17150.0,17604.8,18448.9,19617.9
 "55000" ,"Wisconsin",3,SAEXP1,"Total personal consumption expenditures (PCE) by state","Millions of current dollars",21,"...","   Other services",8497.1,9188.3,9477.4,9842.6,10618.3,11149.7,11876.4,12423.0,12937.1,13670.8,14451.4,14660.6,14650.6,14807.1,14916.7,14897.6,14921.6,15271.6,15371.2,16042.8,16779.5,17592.7
 "55000" ,"Wisconsin",3,SAEXP1,"Total personal consumption expenditures (PCE) by state","Millions of current dollars",22,"...","  Final consumption expenditures of nonprofit institutions serving households (NPISHs)",3306.0,3827.1,4038.0,4503.1,4850.9,5168.1,5629.0,5693.1,5771.1,6247.1,6260.0,7125.2,7481.9,7707.5,8319.8,8926.7,9400.5,9423.6,9715.9,10216.1,10631.1,11312.5
 "55000" ,"Wisconsin",3,SAEXP1,"Total personal consumption expenditures (PCE) by state","Millions of current dollars",23,"...","   Gross output of nonprofit institutions",11546.0,12239.0,12726.0,13651.1,14507.0,15510.0,16461.0,17269.0,18045.1,18914.0,19312.0,20711.3,21871.0,22750.7,23923.3,25153.2,25977.3,26316.4,27637.3,28961.6,30121.3,31631.8
 "55000" ,"Wisconsin",3,SAEXP1,"Total personal consumption expenditures (PCE) by state","Millions of current dollars",24,"...","   Less: Receipts from sales of goods and services by nonprofit institutions",8240.0,8412.0,8688.0,9148.0,9656.1,10341.9,10832.0,11576.0,12274.0,12667.0,13052.0,13586.1,14389.1,15043.2,15603.5,16226.5,16576.8,16892.8,17921.4,18745.5,19490.2,20319.4
"Note: See the included footnote file."
"SAEXP1: Total personal consumption expenditures (PCE) by state 1/"
"Last updated: October 3, 2019-- new PCE by state statistics for 2018; revised statistics for 2014-2017."
"Source: U.S. Department of Commerce / Bureau of Economic Analysis / Regional Economic Accounts"
