GeoFIPS,GeoName,Region,TableName,ComponentName,Unit,Line,IndustryClassification,Description,1997,1998,1999,2000,2001,2002,2003,2004,2005,2006,2007,2008,2009,2010,2011,2012,2013,2014,2015,2016,2017,2018
 "01000" ,"Alabama",5,SAEXP2,"Per capita personal consumption expenditures (PCE) by state","Dollars",1,"...","Per capita personal consumption expenditures",17020,17696,18638,19559,20218,21174,22065,23268,24784,25693,26574,27055,26587,27340,28176,28818,29273,30124,30843,31497,32527,33904
 "01000" ,"Alabama",5,SAEXP2,"Per capita personal consumption expenditures (PCE) by state","Dollars",2,"..."," Goods",6936,7110,7588,7893,8105,8461,8840,9413,10003,10369,10736,10633,10073,10427,10901,11144,11288,11550,11598,11642,12004,12446
 "01000" ,"Alabama",5,SAEXP2,"Per capita personal consumption expenditures (PCE) by state","Dollars",3,"...","  Durable goods",2313,2454,2639,2692,2747,2929,3006,3176,3314,3374,3518,3169,2919,3010,3120,3236,3327,3428,3568,3685,3824,3965
 "01000" ,"Alabama",5,SAEXP2,"Per capita personal consumption expenditures (PCE) by state","Dollars",4,"...","   Motor vehicles and parts",1120,1200,1304,1307,1354,1436,1433,1455,1472,1441,1442,1204,1083,1187,1255,1340,1387,1434,1520,1549,1592,1657
 "01000" ,"Alabama",5,SAEXP2,"Per capita personal consumption expenditures (PCE) by state","Dollars",5,"...","   Furnishings and durable household equipment",509,530,560,582,582,620,642,693,750,783,796,730,662,656,662,675,686,707,744,788,825,857
 "01000" ,"Alabama",5,SAEXP2,"Per capita personal consumption expenditures (PCE) by state","Dollars",6,"...","   Recreational goods and vehicles",437,457,484,499,509,549,601,675,721,754,850,814,757,736,748,761,778,789,796,846,904,931
 "01000" ,"Alabama",5,SAEXP2,"Per capita personal consumption expenditures (PCE) by state","Dollars",7,"...","   Other durable goods",247,266,292,305,302,325,330,354,372,396,430,421,416,430,454,460,476,498,507,503,503,520
 "01000" ,"Alabama",5,SAEXP2,"Per capita personal consumption expenditures (PCE) by state","Dollars",8,"...","  Nondurable goods",4623,4656,4948,5200,5358,5532,5834,6237,6689,6995,7218,7464,7154,7417,7781,7908,7960,8122,8030,7957,8180,8481
 "01000" ,"Alabama",5,SAEXP2,"Per capita personal consumption expenditures (PCE) by state","Dollars",9,"...","   Food and beverages purchased for off-premises consumption",1773,1784,1867,1870,1966,2017,2071,2134,2243,2216,2261,2334,2344,2353,2425,2457,2456,2517,2558,2596,2638,2747
 "01000" ,"Alabama",5,SAEXP2,"Per capita personal consumption expenditures (PCE) by state","Dollars",10,"...","   Clothing and footwear",813,833,852,855,849,869,848,881,919,928,926,909,877,903,928,926,929,952,981,994,991,1015
 "01000" ,"Alabama",5,SAEXP2,"Per capita personal consumption expenditures (PCE) by state","Dollars",11,"...","   Gasoline and other energy goods",558,482,529,685,638,595,699,822,997,1141,1205,1351,981,1164,1423,1440,1425,1334,1008,882,972,1079
 "01000" ,"Alabama",5,SAEXP2,"Per capita personal consumption expenditures (PCE) by state","Dollars",12,"...","   Other nondurable goods",1480,1557,1701,1790,1905,2051,2215,2399,2529,2711,2825,2870,2952,2997,3006,3084,3151,3319,3483,3485,3579,3641
 "01000" ,"Alabama",5,SAEXP2,"Per capita personal consumption expenditures (PCE) by state","Dollars",13,"..."," Services",10084,10586,11051,11667,12113,12712,13225,13855,14781,15324,15838,16422,16515,16913,17275,17673,17985,18574,19245,19855,20523,21457
 "01000" ,"Alabama",5,SAEXP2,"Per capita personal consumption expenditures (PCE) by state","Dollars",14,"...","  Household consumption expenditures (for services)",9900,10356,10770,11357,11795,12385,12927,13533,14460,15011,15472,15964,16067,16474,16814,17186,17484,18033,18713,19266,19911,20795
 "01000" ,"Alabama",5,SAEXP2,"Per capita personal consumption expenditures (PCE) by state","Dollars",15,"...","   Housing and utilities",2510,2651,2758,2925,3090,3198,3319,3461,3700,3886,4038,4185,4224,4395,4484,4576,4695,4906,5050,5288,5435,5642
 "01000" ,"Alabama",5,SAEXP2,"Per capita personal consumption expenditures (PCE) by state","Dollars",16,"...","   Health care",2856,2927,2967,3091,3286,3541,3695,3874,4240,4354,4413,4536,4694,4730,4793,4988,5077,5223,5485,5619,5806,6019
 "01000" ,"Alabama",5,SAEXP2,"Per capita personal consumption expenditures (PCE) by state","Dollars",17,"...","   Transportation services",480,502,523,541,533,524,533,552,581,594,598,593,556,573,596,602,606,632,654,682,717,742
 "01000" ,"Alabama",5,SAEXP2,"Per capita personal consumption expenditures (PCE) by state","Dollars",18,"...","   Recreation services",750,739,740,744,755,784,812,858,891,916,933,959,951,971,967,982,1001,1012,1051,1090,1110,1150
 "01000" ,"Alabama",5,SAEXP2,"Per capita personal consumption expenditures (PCE) by state","Dollars",19,"...","   Food services and accommodations",960,994,1049,1079,1099,1135,1212,1279,1370,1447,1506,1558,1562,1602,1654,1717,1766,1837,1952,2031,2107,2225
 "01000" ,"Alabama",5,SAEXP2,"Per capita personal consumption expenditures (PCE) by state","Dollars",20,"...","   Financial services and insurance",1088,1243,1412,1595,1574,1685,1774,1877,2003,2084,2239,2350,2293,2388,2458,2463,2464,2485,2577,2569,2675,2844
 "01000" ,"Alabama",5,SAEXP2,"Per capita personal consumption expenditures (PCE) by state","Dollars",21,"...","   Other services",1255,1301,1321,1381,1459,1519,1582,1632,1676,1730,1744,1783,1787,1814,1862,1859,1876,1939,1944,1988,2060,2172
 "01000" ,"Alabama",5,SAEXP2,"Per capita personal consumption expenditures (PCE) by state","Dollars",22,"...","  Final consumption expenditures of nonprofit institutions serving households (NPISHs)",183,230,281,309,318,327,298,322,321,313,366,458,448,440,461,487,501,541,532,589,612,663
 "01000" ,"Alabama",5,SAEXP2,"Per capita personal consumption expenditures (PCE) by state","Dollars",23,"...","   Gross output of nonprofit institutions",1447,1545,1660,1754,1832,1941,1968,2128,2264,2338,2534,2655,2719,2780,2850,2926,3009,3079,3186,3291,3415,3577
 "01000" ,"Alabama",5,SAEXP2,"Per capita personal consumption expenditures (PCE) by state","Dollars",24,"...","   Less: Receipts from sales of goods and services by nonprofit institutions",1264,1314,1379,1444,1514,1614,1670,1806,1944,2025,2167,2197,2271,2340,2389,2439,2508,2538,2654,2702,2803,2915
"Note: See the included footnote file."
"SAEXP2: Per capita personal consumption expenditures (PCE) by state 1/"
"Last updated: October 3, 2019-- new per capita PCE by state statistics for 2018; revised statistics for 2010-2017."
"Source: U.S. Department of Commerce / Bureau of Economic Analysis / Regional Economic Accounts"
