GeoFIPS,GeoName,Region,TableName,ComponentName,Unit,Line,IndustryClassification,Description,1997,1998,1999,2000,2001,2002,2003,2004,2005,2006,2007,2008,2009,2010,2011,2012,2013,2014,2015,2016,2017,2018
 "32000" ,"Nevada",8,SAEXP1,"Total personal consumption expenditures (PCE) by state","Millions of current dollars",1,"...","Personal consumption expenditures",35944.7,38944.0,43618.0,48154.7,51491.2,55146.7,59520.6,66206.3,73576.3,80944.1,86379.6,89024.8,87018.9,89586.7,93580.1,96883.3,100070.5,105159.9,109639.9,114087.6,118886.1,125800.9
 "32000" ,"Nevada",8,SAEXP1,"Total personal consumption expenditures (PCE) by state","Millions of current dollars",2,"..."," Goods",13829.0,14783.2,16744.4,18272.3,19576.5,20499.4,22284.5,25143.1,27880.5,30281.1,31181.2,30830.5,28030.8,28777.9,30509.6,31646.9,32669.8,34244.5,34987.2,35874.9,37524.8,39546.2
 "32000" ,"Nevada",8,SAEXP1,"Total personal consumption expenditures (PCE) by state","Millions of current dollars",3,"...","  Durable goods",5055.8,5614.2,6408.1,6998.0,7618.9,8155.8,8786.9,10034.6,11202.6,11704.2,11702.5,10522.2,9060.9,9181.3,9670.1,10215.3,10908.5,11557.4,12132.5,12746.9,13503.3,14325.8
 "32000" ,"Nevada",8,SAEXP1,"Total personal consumption expenditures (PCE) by state","Millions of current dollars",4,"...","   Motor vehicles and parts",1912.9,2142.1,2442.4,2613.4,2902.3,3139.9,3202.9,3624.2,3895.2,3876.0,3842.6,3048.9,2463.6,2551.4,2746.8,3152.6,3465.6,3685.1,4041.9,4165.0,4394.9,4598.2
 "32000" ,"Nevada",8,SAEXP1,"Total personal consumption expenditures (PCE) by state","Millions of current dollars",5,"...","   Furnishings and durable household equipment",1242.3,1346.6,1546.2,1742.4,1859.9,2051.1,2235.1,2576.0,2943.0,3072.5,2930.1,2631.0,2255.4,2240.7,2260.4,2311.5,2444.6,2617.4,2791.6,3028.8,3275.2,3483.6
 "32000" ,"Nevada",8,SAEXP1,"Total personal consumption expenditures (PCE) by state","Millions of current dollars",6,"...","   Recreational goods and vehicles",1346.5,1484.9,1654.6,1833.7,2028.9,2083.3,2314.1,2623.8,2987.7,3185.3,3185.6,3071.2,2658.0,2595.3,2678.3,2682.9,2837.7,2966.7,2924.8,3197.4,3434.1,3680.3
 "32000" ,"Nevada",8,SAEXP1,"Total personal consumption expenditures (PCE) by state","Millions of current dollars",7,"...","   Other durable goods",554.1,640.6,764.9,808.5,827.8,881.6,1034.8,1210.6,1376.7,1570.3,1744.2,1771.1,1683.9,1793.9,1984.6,2068.3,2160.6,2288.2,2374.2,2355.7,2399.1,2563.6
 "32000" ,"Nevada",8,SAEXP1,"Total personal consumption expenditures (PCE) by state","Millions of current dollars",8,"...","  Nondurable goods",8773.2,9169.0,10336.3,11274.4,11957.6,12343.6,13497.6,15108.5,16677.9,18576.9,19478.7,20308.3,18969.9,19596.6,20839.5,21431.6,21761.4,22687.1,22854.6,23128.0,24021.5,25220.4
 "32000" ,"Nevada",8,SAEXP1,"Total personal consumption expenditures (PCE) by state","Millions of current dollars",9,"...","   Food and beverages purchased for off-premises consumption",3619.5,3719.9,4045.9,4323.7,4610.3,4708.3,5089.7,5641.1,5983.6,6587.5,7045.0,7301.5,7154.1,7112.4,7336.2,7533.9,7663.7,8035.4,8294.7,8409.3,8633.3,9057.3
 "32000" ,"Nevada",8,SAEXP1,"Total personal consumption expenditures (PCE) by state","Millions of current dollars",10,"...","   Clothing and footwear",1161.4,1297.9,1495.9,1528.1,1587.5,1631.5,1808.4,2044.6,2283.8,2470.8,2581.3,2648.2,2514.3,2703.7,2922.5,3055.5,3120.8,3249.1,3312.4,3362.9,3323.9,3480.9
 "32000" ,"Nevada",8,SAEXP1,"Total personal consumption expenditures (PCE) by state","Millions of current dollars",11,"...","   Gasoline and other energy goods",1001.1,917.0,1080.3,1329.8,1294.1,1236.5,1479.7,1848.5,2377.4,2814.5,2872.9,3243.8,2276.9,2654.3,3227.0,3319.7,3262.0,3124.1,2400.3,2124.5,2403.6,2691.5
 "32000" ,"Nevada",8,SAEXP1,"Total personal consumption expenditures (PCE) by state","Millions of current dollars",12,"...","   Other nondurable goods",2991.3,3234.1,3714.2,4092.6,4465.8,4767.2,5119.8,5574.3,6033.1,6704.1,6979.5,7114.8,7024.7,7126.2,7353.9,7522.5,7714.8,8278.5,8847.2,9231.3,9660.7,9990.7
 "32000" ,"Nevada",8,SAEXP1,"Total personal consumption expenditures (PCE) by state","Millions of current dollars",13,"..."," Services",22115.7,24160.9,26873.6,29882.4,31914.6,34647.3,37236.0,41063.3,45695.8,50663.1,55198.4,58194.3,58988.1,60808.8,63070.5,65236.4,67400.7,70915.4,74652.7,78212.6,81361.4,86254.7
 "32000" ,"Nevada",8,SAEXP1,"Total personal consumption expenditures (PCE) by state","Millions of current dollars",14,"...","  Household consumption expenditures (for services)",21544.7,23642.8,26201.6,29197.4,31180.6,33796.3,36382.1,40213.3,44764.8,49152.1,53436.4,56192.9,57024.1,58702.3,60790.6,62666.7,64668.7,68090.0,71816.7,75063.2,78083.1,82744.7
 "32000" ,"Nevada",8,SAEXP1,"Total personal consumption expenditures (PCE) by state","Millions of current dollars",15,"...","   Housing and utilities",6946.3,7516.6,7981.7,8575.3,9461.9,10034.8,10472.7,11339.9,12456.0,13753.7,14804.0,15780.9,16993.0,17458.3,17879.9,18304.6,18696.6,19612.7,20633.1,21286.4,21977.8,22766.4
 "32000" ,"Nevada",8,SAEXP1,"Total personal consumption expenditures (PCE) by state","Millions of current dollars",16,"...","   Health care",3994.3,4378.5,4796.7,5279.2,5926.3,6772.3,7345.3,8245.2,8877.3,9513.5,10512.0,11145.6,11447.9,11642.7,12055.2,12298.4,12876.0,13739.9,14781.4,15835.5,16752.2,18048.2
 "32000" ,"Nevada",8,SAEXP1,"Total personal consumption expenditures (PCE) by state","Millions of current dollars",17,"...","   Transportation services",1253.8,1342.3,1505.6,1675.9,1647.2,1622.6,1803.9,2027.5,2137.8,2285.5,2352.4,2405.5,2206.2,2233.2,2555.3,2628.7,2806.5,2878.4,2971.6,2999.2,3122.6,3269.5
 "32000" ,"Nevada",8,SAEXP1,"Total personal consumption expenditures (PCE) by state","Millions of current dollars",18,"...","   Recreation services",1327.3,1424.6,1621.5,1845.0,1895.3,1978.9,2211.0,2392.1,2675.7,2832.4,3043.6,3079.7,2976.8,3183.1,3408.4,3625.2,3677.9,3967.6,4178.7,4459.7,4482.9,4741.6
 "32000" ,"Nevada",8,SAEXP1,"Total personal consumption expenditures (PCE) by state","Millions of current dollars",19,"...","   Food services and accommodations",2085.5,2179.2,2439.3,2721.7,2684.6,2755.1,3006.9,3374.0,3836.8,4200.3,4443.9,4438.2,4106.9,4255.6,4489.3,4565.9,4724.5,4991.0,5196.8,5303.8,5428.9,5632.4
 "32000" ,"Nevada",8,SAEXP1,"Total personal consumption expenditures (PCE) by state","Millions of current dollars",20,"...","   Financial services and insurance",3636.3,4229.3,5015.7,5968.4,6142.4,6848.1,7485.5,8479.7,9898.1,11400.0,12895.4,13838.4,13879.4,14441.3,14874.3,15662.5,16316.6,17133.8,18090.0,18819.3,19548.4,20877.8
 "32000" ,"Nevada",8,SAEXP1,"Total personal consumption expenditures (PCE) by state","Millions of current dollars",21,"...","   Other services",2301.3,2572.3,2841.1,3131.9,3422.9,3784.3,4056.9,4354.8,4883.1,5166.8,5385.2,5504.5,5413.9,5488.0,5528.2,5581.3,5570.5,5766.6,5965.1,6359.4,6770.4,7408.8
 "32000" ,"Nevada",8,SAEXP1,"Total personal consumption expenditures (PCE) by state","Millions of current dollars",22,"...","  Final consumption expenditures of nonprofit institutions serving households (NPISHs)",571.0,518.0,672.0,685.0,734.0,851.0,854.0,850.0,931.0,1511.0,1762.0,2001.4,1964.0,2106.4,2279.9,2569.6,2732.0,2825.4,2836.0,3149.4,3278.2,3510.1
 "32000" ,"Nevada",8,SAEXP1,"Total personal consumption expenditures (PCE) by state","Millions of current dollars",23,"...","   Gross output of nonprofit institutions",2823.0,3023.0,3320.0,3420.0,3650.0,4013.0,4387.0,4722.0,5383.0,6178.0,6802.0,7417.6,7711.4,8128.5,8592.7,9216.3,9601.6,10206.1,10764.3,11679.3,12147.0,12756.1
 "32000" ,"Nevada",8,SAEXP1,"Total personal consumption expenditures (PCE) by state","Millions of current dollars",24,"...","   Less: Receipts from sales of goods and services by nonprofit institutions",2252.0,2505.0,2648.0,2735.0,2916.0,3162.0,3533.0,3872.0,4452.0,4667.0,5040.0,5416.2,5747.4,6022.1,6312.8,6646.7,6869.7,7380.7,7928.3,8529.9,8868.8,9246.1
"Note: See the included footnote file."
"SAEXP1: Total personal consumption expenditures (PCE) by state 1/"
"Last updated: October 3, 2019-- new PCE by state statistics for 2018; revised statistics for 2014-2017."
"Source: U.S. Department of Commerce / Bureau of Economic Analysis / Regional Economic Accounts"
