GeoFIPS,GeoName,Region,TableName,ComponentName,Unit,Line,IndustryClassification,Description,1997,1998,1999,2000,2001,2002,2003,2004,2005,2006,2007,2008,2009,2010,2011,2012,2013,2014,2015,2016,2017,2018
 "23000" ,"Maine",1,SAEXP1,"Total personal consumption expenditures (PCE) by state","Millions of current dollars",1,"...","Personal consumption expenditures",25586.7,27439.5,29458.9,31242.0,33014.8,34823.7,36972.7,39375.2,41580.0,43668.7,45605.3,46895.7,46664.7,48018.6,49568.6,50396.9,51359.3,52972.1,54214.3,55699.7,57989.5,60894.0
 "23000" ,"Maine",1,SAEXP1,"Total personal consumption expenditures (PCE) by state","Millions of current dollars",2,"..."," Goods",10076.9,10823.5,11717.4,12246.8,12823.1,13430.3,14197.0,15249.0,15908.3,16642.7,17456.3,17758.0,16984.5,17595.2,18291.4,18361.9,18727.1,19355.4,19145.1,19423.9,20288.3,21276.8
 "23000" ,"Maine",1,SAEXP1,"Total personal consumption expenditures (PCE) by state","Millions of current dollars",3,"...","  Durable goods",3173.9,3456.1,3857.9,4024.5,4283.8,4598.8,4761.3,5034.0,5181.1,5242.4,5427.2,5155.3,4995.2,5106.7,5191.5,5263.3,5407.9,5610.9,5824.6,6006.2,6204.7,6426.8
 "23000" ,"Maine",1,SAEXP1,"Total personal consumption expenditures (PCE) by state","Millions of current dollars",4,"...","   Motor vehicles and parts",1393.8,1500.4,1688.4,1718.9,1807.4,1921.8,1985.0,2003.3,1948.3,1833.5,1837.9,1642.5,1638.6,1742.0,1798.2,1879.0,1933.7,2067.5,2233.1,2257.6,2326.1,2432.0
 "23000" ,"Maine",1,SAEXP1,"Total personal consumption expenditures (PCE) by state","Millions of current dollars",5,"...","   Furnishings and durable household equipment",600.3,659.7,740.2,798.8,864.7,941.2,937.9,1023.6,1110.6,1164.9,1196.2,1174.3,1099.5,1101.6,1098.4,1104.4,1143.8,1178.7,1197.7,1264.0,1330.7,1395.7
 "23000" ,"Maine",1,SAEXP1,"Total personal consumption expenditures (PCE) by state","Millions of current dollars",6,"...","   Recreational goods and vehicles",767.2,854.5,962.8,1022.2,1123.8,1213.1,1289.9,1398.3,1455.4,1493.9,1568.3,1540.6,1481.0,1471.3,1502.4,1500.7,1523.1,1525.9,1540.2,1607.6,1668.0,1687.6
 "23000" ,"Maine",1,SAEXP1,"Total personal consumption expenditures (PCE) by state","Millions of current dollars",7,"...","   Other durable goods",412.5,441.5,466.5,484.6,487.8,522.7,548.4,608.8,666.9,750.0,824.8,797.9,776.1,791.7,792.5,779.2,807.3,838.9,853.7,877.1,879.9,911.4
 "23000" ,"Maine",1,SAEXP1,"Total personal consumption expenditures (PCE) by state","Millions of current dollars",8,"...","  Nondurable goods",6903.0,7367.5,7859.5,8222.3,8539.3,8831.5,9435.7,10215.1,10727.2,11400.3,12029.1,12602.7,11989.4,12488.5,13099.9,13098.6,13319.2,13744.5,13320.5,13417.7,14083.6,14850.0
 "23000" ,"Maine",1,SAEXP1,"Total personal consumption expenditures (PCE) by state","Millions of current dollars",9,"...","   Food and beverages purchased for off-premises consumption",2709.2,3008.5,3159.2,3175.0,3304.4,3346.6,3484.3,3680.4,3681.8,3812.6,4128.7,4302.4,4444.2,4510.7,4582.6,4712.4,4832.7,5068.5,5117.3,5253.0,5505.3,5786.4
 "23000" ,"Maine",1,SAEXP1,"Total personal consumption expenditures (PCE) by state","Millions of current dollars",10,"...","   Clothing and footwear",1137.3,1167.9,1150.3,1137.6,1157.0,1190.5,1182.3,1264.4,1303.2,1338.4,1339.2,1284.6,1232.2,1254.8,1240.8,1236.5,1249.6,1271.3,1278.3,1287.1,1276.7,1300.9
 "23000" ,"Maine",1,SAEXP1,"Total personal consumption expenditures (PCE) by state","Millions of current dollars",11,"...","   Gasoline and other energy goods",1006.9,923.3,1004.5,1291.8,1291.5,1281.2,1580.6,1894.2,2327.3,2578.7,2740.2,3133.6,2337.8,2671.0,3163.5,3010.5,2934.1,2884.9,2205.3,1864.1,2132.1,2494.6
 "23000" ,"Maine",1,SAEXP1,"Total personal consumption expenditures (PCE) by state","Millions of current dollars",12,"...","   Other nondurable goods",2049.7,2267.8,2545.5,2618.0,2786.4,3013.2,3188.5,3376.1,3414.9,3670.6,3820.9,3882.1,3975.1,4052.1,4113.0,4139.2,4302.8,4519.8,4719.5,5013.5,5169.4,5268.2
 "23000" ,"Maine",1,SAEXP1,"Total personal consumption expenditures (PCE) by state","Millions of current dollars",13,"..."," Services",15509.8,16615.9,17741.5,18995.3,20191.7,21393.4,22775.6,24126.1,25671.7,27026.0,28149.1,29137.7,29680.2,30423.4,31277.3,32035.0,32632.2,33616.7,35069.2,36275.8,37701.2,39617.2
 "23000" ,"Maine",1,SAEXP1,"Total personal consumption expenditures (PCE) by state","Millions of current dollars",14,"...","  Household consumption expenditures (for services)",14650.8,15638.9,16641.5,17835.2,18890.7,19942.3,21206.6,22559.1,23996.7,25160.0,26293.1,27117.4,27535.1,28223.0,28943.0,29608.3,30186.6,31125.9,32534.9,33630.8,34948.9,36694.2
 "23000" ,"Maine",1,SAEXP1,"Total personal consumption expenditures (PCE) by state","Millions of current dollars",15,"...","   Housing and utilities",4073.2,4296.5,4540.9,4774.3,5130.8,5335.8,5549.8,5839.5,6322.0,6716.6,7131.3,7404.2,7530.2,7558.7,7767.4,7969.0,8197.1,8497.0,8953.6,9211.5,9423.7,9643.2
 "23000" ,"Maine",1,SAEXP1,"Total personal consumption expenditures (PCE) by state","Millions of current dollars",16,"...","   Health care",3728.0,4005.2,4313.3,4589.4,4970.3,5343.6,5706.7,6205.9,6647.1,7013.1,7442.5,7797.7,8116.8,8347.2,8663.2,8880.3,8890.8,9119.1,9587.1,9878.8,10184.2,10620.8
 "23000" ,"Maine",1,SAEXP1,"Total personal consumption expenditures (PCE) by state","Millions of current dollars",17,"...","   Transportation services",626.9,660.4,718.8,770.7,780.5,774.0,816.8,862.6,904.7,948.2,962.1,982.2,991.8,986.4,993.7,1003.3,1076.7,1128.9,1177.4,1243.3,1291.5,1360.3
 "23000" ,"Maine",1,SAEXP1,"Total personal consumption expenditures (PCE) by state","Millions of current dollars",18,"...","   Recreation services",880.8,928.3,1005.4,1093.2,1153.8,1216.1,1344.0,1413.7,1476.4,1510.9,1630.3,1650.2,1673.8,1752.9,1761.5,1851.5,1932.4,1947.2,2000.8,2135.3,2210.7,2374.3
 "23000" ,"Maine",1,SAEXP1,"Total personal consumption expenditures (PCE) by state","Millions of current dollars",19,"...","   Food services and accommodations",1537.6,1600.7,1696.7,1841.5,1903.1,2020.5,2162.9,2317.4,2417.9,2548.4,2616.7,2671.6,2699.4,2836.7,2922.2,3024.4,3150.8,3332.7,3536.4,3731.0,3988.1,4302.5
 "23000" ,"Maine",1,SAEXP1,"Total personal consumption expenditures (PCE) by state","Millions of current dollars",20,"...","   Financial services and insurance",1705.9,1879.2,2058.7,2295.0,2246.8,2349.0,2504.2,2692.0,2892.8,3011.5,3095.5,3168.8,3006.1,3163.3,3293.9,3328.2,3396.5,3518.3,3643.4,3610.5,3857.5,4091.5
 "23000" ,"Maine",1,SAEXP1,"Total personal consumption expenditures (PCE) by state","Millions of current dollars",21,"...","   Other services",2098.4,2268.6,2307.8,2471.1,2705.5,2903.4,3122.3,3228.1,3335.7,3411.3,3414.6,3442.8,3517.1,3577.9,3541.0,3551.5,3542.2,3582.7,3636.3,3820.4,3993.3,4301.5
 "23000" ,"Maine",1,SAEXP1,"Total personal consumption expenditures (PCE) by state","Millions of current dollars",22,"...","  Final consumption expenditures of nonprofit institutions serving households (NPISHs)",859.0,977.0,1100.0,1160.0,1301.0,1451.0,1569.0,1567.0,1675.0,1866.0,1856.0,2020.3,2145.1,2200.4,2334.3,2426.7,2445.6,2490.8,2534.2,2645.1,2752.3,2923.0
 "23000" ,"Maine",1,SAEXP1,"Total personal consumption expenditures (PCE) by state","Millions of current dollars",23,"...","   Gross output of nonprofit institutions",2735.0,2925.0,3118.0,3212.0,3504.0,3872.0,4086.0,4238.0,4532.0,4834.0,4893.0,5148.7,5445.7,5628.2,5885.3,6097.6,6183.6,6364.9,6606.4,6781.6,7053.2,7406.9
 "23000" ,"Maine",1,SAEXP1,"Total personal consumption expenditures (PCE) by state","Millions of current dollars",24,"...","   Less: Receipts from sales of goods and services by nonprofit institutions",1876.0,1948.0,2018.0,2052.0,2203.0,2421.0,2517.0,2671.0,2857.0,2968.0,3037.0,3128.3,3300.6,3427.9,3551.1,3670.8,3738.0,3874.2,4072.1,4136.5,4300.9,4483.8
"Note: See the included footnote file."
"SAEXP1: Total personal consumption expenditures (PCE) by state 1/"
"Last updated: October 3, 2019-- new PCE by state statistics for 2018; revised statistics for 2014-2017."
"Source: U.S. Department of Commerce / Bureau of Economic Analysis / Regional Economic Accounts"
