GeoFIPS,GeoName,Region,TableName,ComponentName,Unit,Line,IndustryClassification,Description,1997,1998,1999,2000,2001,2002,2003,2004,2005,2006,2007,2008,2009,2010,2011,2012,2013,2014,2015,2016,2017,2018
 "11000" ,"District of Columbia",2,SAEXP1,"Total personal consumption expenditures (PCE) by state","Millions of current dollars",1,"...","Personal consumption expenditures",18121.3,18344.3,19271.1,20447.0,21585.6,22497.1,23543.5,25032.7,26455.9,27653.4,29315.8,30478.1,30209.5,31246.6,32691.0,33875.1,35187.8,36767.7,38872.4,40367.0,42069.1,44360.8
 "11000" ,"District of Columbia",2,SAEXP1,"Total personal consumption expenditures (PCE) by state","Millions of current dollars",2,"..."," Goods",5163.4,5062.9,5287.4,5467.1,5646.2,5838.9,6226.1,6624.2,6924.1,7225.2,7434.7,7278.6,6776.2,6969.1,7350.2,7663.6,8091.8,8418.8,8858.5,9238.8,9791.0,10330.4
 "11000" ,"District of Columbia",2,SAEXP1,"Total personal consumption expenditures (PCE) by state","Millions of current dollars",3,"...","  Durable goods",1663.4,1726.1,1818.7,1870.3,1971.2,2138.4,2267.3,2395.2,2477.4,2541.3,2617.3,2431.8,2198.2,2241.0,2379.1,2475.2,2621.7,2732.6,2888.0,3057.9,3183.0,3363.4
 "11000" ,"District of Columbia",2,SAEXP1,"Total personal consumption expenditures (PCE) by state","Millions of current dollars",4,"...","   Motor vehicles and parts",696.9,685.9,665.5,702.0,719.5,786.1,820.5,835.4,834.2,799.5,821.2,699.3,646.2,712.9,751.0,816.8,836.9,867.9,938.8,949.7,971.7,1004.1
 "11000" ,"District of Columbia",2,SAEXP1,"Total personal consumption expenditures (PCE) by state","Millions of current dollars",5,"...","   Furnishings and durable household equipment",312.5,341.6,392.2,419.7,416.7,423.1,455.0,516.1,581.0,632.9,639.0,626.6,535.3,519.2,567.3,589.4,648.1,707.1,735.1,790.9,811.3,848.1
 "11000" ,"District of Columbia",2,SAEXP1,"Total personal consumption expenditures (PCE) by state","Millions of current dollars",6,"...","   Recreational goods and vehicles",379.9,412.5,451.5,435.9,521.2,594.2,631.9,664.3,666.3,684.4,708.4,659.6,595.6,566.5,587.3,591.9,629.1,635.5,643.9,700.2,756.7,805.2
 "11000" ,"District of Columbia",2,SAEXP1,"Total personal consumption expenditures (PCE) by state","Millions of current dollars",7,"...","   Other durable goods",274.1,286.1,309.5,312.8,313.9,335.1,359.9,379.4,395.8,424.5,448.6,446.3,421.1,442.3,473.4,477.2,507.5,522.1,570.1,617.0,643.3,706.0
 "11000" ,"District of Columbia",2,SAEXP1,"Total personal consumption expenditures (PCE) by state","Millions of current dollars",8,"...","  Nondurable goods",3500.0,3336.7,3468.7,3596.7,3674.9,3700.5,3958.8,4228.9,4446.7,4683.9,4817.5,4846.8,4578.0,4728.1,4971.1,5188.5,5470.1,5686.2,5970.5,6180.9,6608.0,6966.9
 "11000" ,"District of Columbia",2,SAEXP1,"Total personal consumption expenditures (PCE) by state","Millions of current dollars",9,"...","   Food and beverages purchased for off-premises consumption",1208.7,1210.1,1241.9,1291.7,1375.9,1396.7,1484.1,1583.2,1611.5,1708.2,1757.8,1880.1,1951.2,2047.2,2134.4,2247.0,2402.5,2614.5,2866.5,2950.0,3169.6,3251.3
 "11000" ,"District of Columbia",2,SAEXP1,"Total personal consumption expenditures (PCE) by state","Millions of current dollars",10,"...","   Clothing and footwear",753.0,739.5,761.3,755.4,714.6,702.8,747.6,770.8,829.5,855.9,898.8,893.5,820.8,847.8,901.6,906.6,918.7,962.7,1014.0,1036.8,1031.5,1073.5
 "11000" ,"District of Columbia",2,SAEXP1,"Total personal consumption expenditures (PCE) by state","Millions of current dollars",11,"...","   Gasoline and other energy goods",568.6,414.1,411.8,488.4,428.1,384.8,439.6,508.7,617.2,662.4,663.8,680.9,441.9,485.7,553.3,641.2,676.2,555.4,420.0,375.7,411.5,474.3
 "11000" ,"District of Columbia",2,SAEXP1,"Total personal consumption expenditures (PCE) by state","Millions of current dollars",12,"...","   Other nondurable goods",969.7,973.1,1053.6,1061.3,1156.3,1216.2,1287.5,1366.3,1388.5,1457.4,1497.1,1392.3,1364.1,1347.5,1381.8,1393.7,1472.8,1553.5,1670.0,1818.3,1995.4,2167.9
 "11000" ,"District of Columbia",2,SAEXP1,"Total personal consumption expenditures (PCE) by state","Millions of current dollars",13,"..."," Services",12957.9,13281.5,13983.7,14980.0,15939.4,16658.3,17317.4,18408.6,19531.8,20428.2,21881.1,23199.5,23433.3,24277.5,25340.8,26211.5,27096.0,28348.9,30013.9,31128.2,32278.2,34030.4
 "11000" ,"District of Columbia",2,SAEXP1,"Total personal consumption expenditures (PCE) by state","Millions of current dollars",14,"...","  Household consumption expenditures (for services)",12707.9,12973.5,13600.7,14485.0,15300.4,15939.2,16626.4,17730.5,18911.8,19789.2,21240.1,22285.0,22745.4,23615.3,24715.4,25330.0,26372.3,27497.0,29256.9,30377.0,31495.7,33178.0
 "11000" ,"District of Columbia",2,SAEXP1,"Total personal consumption expenditures (PCE) by state","Millions of current dollars",15,"...","   Housing and utilities",2615.6,2713.6,2849.6,3024.4,3197.7,3287.7,3386.0,3551.2,3817.8,4005.6,4300.9,4549.9,4704.0,4861.2,5156.0,5387.8,5743.5,6257.3,6901.9,7308.1,7716.3,8060.2
 "11000" ,"District of Columbia",2,SAEXP1,"Total personal consumption expenditures (PCE) by state","Millions of current dollars",16,"...","   Health care",2953.8,2998.3,3048.5,3071.3,3427.0,3726.0,3857.0,4048.3,4301.5,4452.3,4793.7,5048.7,5413.3,5552.6,5977.9,6073.2,6112.7,6250.1,6531.7,6683.5,6876.6,7130.0
 "11000" ,"District of Columbia",2,SAEXP1,"Total personal consumption expenditures (PCE) by state","Millions of current dollars",17,"...","   Transportation services",581.5,625.5,642.4,711.8,715.0,669.7,676.1,728.2,754.0,826.2,835.9,873.8,876.0,918.2,950.7,1008.0,1068.8,1142.3,1214.7,1312.0,1401.6,1438.6
 "11000" ,"District of Columbia",2,SAEXP1,"Total personal consumption expenditures (PCE) by state","Millions of current dollars",18,"...","   Recreation services",502.6,539.3,548.4,603.2,640.7,674.0,735.5,773.9,888.8,962.0,1022.2,1119.4,1196.6,1246.9,1202.1,1231.4,1213.5,1211.7,1296.1,1333.0,1428.8,1501.6
 "11000" ,"District of Columbia",2,SAEXP1,"Total personal consumption expenditures (PCE) by state","Millions of current dollars",19,"...","   Food services and accommodations",885.3,856.0,916.6,1126.2,1123.7,1141.4,1252.4,1384.0,1545.4,1642.5,1718.8,1787.6,1818.9,1924.4,2028.5,2098.4,2238.9,2369.9,2570.4,2649.5,2749.0,2943.5
 "11000" ,"District of Columbia",2,SAEXP1,"Total personal consumption expenditures (PCE) by state","Millions of current dollars",20,"...","   Financial services and insurance",1430.4,1468.4,1491.3,1591.7,1461.8,1409.0,1413.2,1540.9,1706.9,1868.0,2048.2,2194.2,2084.6,2188.3,2308.2,2437.0,2631.0,2765.2,2925.2,2925.4,3000.7,3216.7
 "11000" ,"District of Columbia",2,SAEXP1,"Total personal consumption expenditures (PCE) by state","Millions of current dollars",21,"...","   Other services",3738.7,3772.3,4103.9,4356.4,4734.5,5031.5,5306.3,5703.9,5897.5,6032.7,6520.4,6711.3,6652.1,6923.9,7092.0,7094.2,7364.0,7500.4,7816.9,8165.4,8322.7,8887.3
 "11000" ,"District of Columbia",2,SAEXP1,"Total personal consumption expenditures (PCE) by state","Millions of current dollars",22,"...","  Final consumption expenditures of nonprofit institutions serving households (NPISHs)",250.0,308.0,383.0,495.0,639.0,719.0,691.0,678.0,620.0,639.0,641.0,914.5,687.9,662.2,625.5,881.5,723.7,851.9,757.1,751.2,782.5,852.4
 "11000" ,"District of Columbia",2,SAEXP1,"Total personal consumption expenditures (PCE) by state","Millions of current dollars",23,"...","   Gross output of nonprofit institutions",1496.0,1612.0,1770.0,2007.0,2314.0,2547.0,2765.0,2894.0,2925.0,3004.0,3226.0,3592.1,3442.7,3566.8,3639.3,3969.7,4003.4,4281.2,4439.3,4635.0,4820.6,5062.4
 "11000" ,"District of Columbia",2,SAEXP1,"Total personal consumption expenditures (PCE) by state","Millions of current dollars",24,"...","   Less: Receipts from sales of goods and services by nonprofit institutions",1246.0,1304.0,1387.0,1512.0,1675.0,1828.0,2074.0,2216.0,2305.0,2365.0,2585.0,2677.6,2754.8,2904.6,3013.9,3088.2,3279.8,3429.3,3682.2,3883.9,4038.2,4209.9
"Note: See the included footnote file."
"SAEXP1: Total personal consumption expenditures (PCE) by state 1/"
"Last updated: October 3, 2019-- new PCE by state statistics for 2018; revised statistics for 2014-2017."
"Source: U.S. Department of Commerce / Bureau of Economic Analysis / Regional Economic Accounts"
