GeoFIPS,GeoName,Region,TableName,ComponentName,Unit,Line,IndustryClassification,Description,1997,1998,1999,2000,2001,2002,2003,2004,2005,2006,2007,2008,2009,2010,2011,2012,2013,2014,2015,2016,2017,2018
 "13000" ,"Georgia",5,SAEXP1,"Total personal consumption expenditures (PCE) by state","Millions of current dollars",1,"...","Personal consumption expenditures",145244.3,154480.2,167173.2,181590.0,190153.9,198392.5,209393.0,222435.3,238599.7,254211.4,268277.1,273696.8,268073.5,276667.8,289926.0,299654.5,308652.6,323329.2,334529.8,348182.0,364092.3,383834.0
 "13000" ,"Georgia",5,SAEXP1,"Total personal consumption expenditures (PCE) by state","Millions of current dollars",2,"..."," Goods",58323.1,61450.2,67965.2,72354.8,74628.7,76577.9,80204.1,85191.9,91237.3,96994.3,101013.7,99355.3,93544.9,97910.8,103905.7,107530.5,110409.4,115163.7,116890.8,119117.6,125071.8,131818.3
 "13000" ,"Georgia",5,SAEXP1,"Total personal consumption expenditures (PCE) by state","Millions of current dollars",3,"...","  Durable goods",21757.6,23653.7,26418.0,27462.4,28515.3,29423.6,30640.1,32041.8,33145.9,34604.3,35779.7,31781.6,28751.5,30152.2,31204.5,32842.0,34295.4,36160.0,38758.7,40891.1,42775.6,45096.8
 "13000" ,"Georgia",5,SAEXP1,"Total personal consumption expenditures (PCE) by state","Millions of current dollars",4,"...","   Motor vehicles and parts",9601.4,10621.6,11735.8,12001.5,12781.2,13267.0,13119.3,13241.8,13429.6,13220.0,13463.5,10930.7,9800.3,10710.9,11338.7,12278.4,13046.6,13737.0,14945.3,15612.8,16102.3,16917.3
 "13000" ,"Georgia",5,SAEXP1,"Total personal consumption expenditures (PCE) by state","Millions of current dollars",5,"...","   Furnishings and durable household equipment",5542.9,5934.2,6574.3,6944.7,7174.3,7276.7,7660.3,8173.5,8512.3,9039.1,9059.3,8157.2,7296.9,7380.5,7415.0,7609.6,8090.7,8653.4,9181.3,9761.1,10441.1,11113.2
 "13000" ,"Georgia",5,SAEXP1,"Total personal consumption expenditures (PCE) by state","Millions of current dollars",6,"...","   Recreational goods and vehicles",4139.4,4434.8,5156.8,5454.0,5526.8,5673.0,6395.4,6839.4,7187.7,7827.5,8408.0,7928.7,7060.7,7270.0,7354.0,7731.8,7750.7,8026.8,8453.6,9132.7,9701.4,10182.8
 "13000" ,"Georgia",5,SAEXP1,"Total personal consumption expenditures (PCE) by state","Millions of current dollars",7,"...","   Other durable goods",2474.0,2663.2,2951.0,3062.2,3032.9,3206.9,3465.1,3787.2,4016.2,4517.7,4848.9,4765.1,4593.6,4790.8,5096.7,5222.2,5407.3,5742.8,6178.5,6384.5,6530.8,6883.5
 "13000" ,"Georgia",5,SAEXP1,"Total personal consumption expenditures (PCE) by state","Millions of current dollars",8,"...","  Nondurable goods",36565.4,37796.4,41547.2,44892.4,46113.4,47154.3,49564.0,53150.1,58091.5,62390.1,65234.0,67573.7,64793.4,67758.6,72701.2,74688.5,76114.0,79003.8,78132.2,78226.5,82296.1,86721.5
 "13000" ,"Georgia",5,SAEXP1,"Total personal consumption expenditures (PCE) by state","Millions of current dollars",9,"...","   Food and beverages purchased for off-premises consumption",13260.0,13869.1,14837.8,15825.6,16425.8,16790.3,17390.8,18450.3,19616.0,20642.6,21779.8,22638.3,23217.1,23777.1,25096.5,26181.3,26676.2,27987.0,28460.1,29035.4,29977.6,31166.2
 "13000" ,"Georgia",5,SAEXP1,"Total personal consumption expenditures (PCE) by state","Millions of current dollars",10,"...","   Clothing and footwear",7335.5,7632.8,8276.9,8272.8,8346.4,8525.1,8528.8,8804.9,9364.9,9842.4,9891.2,9612.5,9215.6,9488.9,9779.8,10000.5,10302.1,10716.9,11081.6,11262.6,11376.8,11803.7
 "13000" ,"Georgia",5,SAEXP1,"Total personal consumption expenditures (PCE) by state","Millions of current dollars",11,"...","   Gasoline and other energy goods",4582.4,4186.9,4747.7,6003.4,5829.0,5409.1,6211.8,7394.2,9662.8,10867.6,11511.4,12949.0,9475.5,11015.8,13596.5,13650.3,13428.0,12942.0,9878.9,8531.2,9614.1,10800.0
 "13000" ,"Georgia",5,SAEXP1,"Total personal consumption expenditures (PCE) by state","Millions of current dollars",12,"...","   Other nondurable goods",11387.5,12107.6,13684.8,14790.5,15512.2,16429.7,17432.5,18500.7,19447.8,21037.5,22051.6,22373.9,22885.2,23476.8,24228.4,24856.4,25707.7,27357.9,28711.6,29397.4,31327.6,32951.6
 "13000" ,"Georgia",5,SAEXP1,"Total personal consumption expenditures (PCE) by state","Millions of current dollars",13,"..."," Services",86921.2,93030.0,99208.0,109235.2,115525.2,121814.6,129188.9,137243.4,147362.4,157217.1,167263.5,174341.5,174528.6,178757.0,186020.4,192124.0,198243.2,208165.4,217638.9,229064.4,239020.5,252015.7
 "13000" ,"Georgia",5,SAEXP1,"Total personal consumption expenditures (PCE) by state","Millions of current dollars",14,"...","  Household consumption expenditures (for services)",86424.2,92479.9,98303.0,108067.2,113801.3,119835.5,127086.9,135263.4,146021.3,155464.0,165017.5,171230.0,171696.3,176216.8,183197.2,188957.9,194830.6,204593.3,214281.2,225479.7,235282.5,247845.7
 "13000" ,"Georgia",5,SAEXP1,"Total personal consumption expenditures (PCE) by state","Millions of current dollars",15,"...","   Housing and utilities",25673.0,27318.5,28513.1,31135.3,33228.4,34834.2,36593.3,38762.1,42197.6,44661.4,46634.1,48733.6,50031.4,51327.0,52568.1,53053.7,54129.3,56562.1,59067.8,62702.7,65616.2,68931.5
 "13000" ,"Georgia",5,SAEXP1,"Total personal consumption expenditures (PCE) by state","Millions of current dollars",16,"...","   Health care",21136.3,22128.9,22629.2,24368.3,26239.6,28571.5,30622.2,32725.0,35111.7,36734.0,38695.9,39917.2,41568.6,42231.5,43728.8,46266.5,47983.1,50257.4,54127.2,57516.7,59799.9,63760.0
 "13000" ,"Georgia",5,SAEXP1,"Total personal consumption expenditures (PCE) by state","Millions of current dollars",17,"...","   Transportation services",4112.1,4451.3,4789.9,5234.3,4984.0,4756.9,5307.3,5354.1,5575.9,5927.3,6299.5,6582.3,6199.0,6385.5,7056.6,7160.9,7565.8,8199.5,8611.5,8883.9,9300.6,9867.8
 "13000" ,"Georgia",5,SAEXP1,"Total personal consumption expenditures (PCE) by state","Millions of current dollars",18,"...","   Recreation services",4378.6,4655.9,5267.7,5737.2,5958.6,6184.2,6391.6,6869.9,7548.3,8162.3,8957.7,9347.2,9343.7,9706.1,9995.8,10666.3,11153.6,11638.9,12049.8,12876.3,13347.6,13481.5
 "13000" ,"Georgia",5,SAEXP1,"Total personal consumption expenditures (PCE) by state","Millions of current dollars",19,"...","   Food services and accommodations",10324.4,10910.0,11680.9,12797.6,13098.4,13561.7,14527.8,15543.2,16639.5,17761.5,18432.2,18759.7,18450.7,19018.5,19892.1,20786.2,21619.4,23077.6,23837.9,24906.8,26134.5,27755.5
 "13000" ,"Georgia",5,SAEXP1,"Total personal consumption expenditures (PCE) by state","Millions of current dollars",20,"...","   Financial services and insurance",8877.5,9708.1,10850.9,12528.6,12410.7,12829.7,13633.5,14996.6,16361.8,17795.8,19792.6,20866.0,19968.4,20762.0,21726.5,21825.4,22304.9,23196.8,24474.4,24984.3,25686.3,27443.0
 "13000" ,"Georgia",5,SAEXP1,"Total personal consumption expenditures (PCE) by state","Millions of current dollars",21,"...","   Other services",11922.4,13307.2,14571.3,16265.8,17881.7,19097.2,20011.3,21012.5,22586.4,24421.6,26205.6,27024.0,26134.4,26786.1,28229.4,29199.1,30074.5,31661.0,32112.4,33608.9,35397.3,36606.4
 "13000" ,"Georgia",5,SAEXP1,"Total personal consumption expenditures (PCE) by state","Millions of current dollars",22,"...","  Final consumption expenditures of nonprofit institutions serving households (NPISHs)",497.0,550.1,905.0,1168.1,1723.9,1979.1,2102.0,1980.1,1341.1,1753.1,2246.0,3111.5,2832.3,2540.2,2823.1,3166.1,3412.6,3572.1,3357.8,3584.7,3738.0,4170.0
 "13000" ,"Georgia",5,SAEXP1,"Total personal consumption expenditures (PCE) by state","Millions of current dollars",23,"...","   Gross output of nonprofit institutions",10659.0,11852.0,12911.0,13938.1,15710.0,17176.0,18622.0,19959.0,20441.1,21959.0,23964.0,25250.2,25816.0,26174.6,26921.1,27844.9,29012.8,30126.1,32045.1,34508.1,35889.9,37689.7
 "13000" ,"Georgia",5,SAEXP1,"Total personal consumption expenditures (PCE) by state","Millions of current dollars",24,"...","   Less: Receipts from sales of goods and services by nonprofit institutions",10162.0,11302.0,12006.0,12770.0,13986.1,15196.9,16520.0,17979.0,19100.0,20205.9,21718.1,22138.7,22983.7,23634.4,24097.9,24678.8,25600.2,26553.9,28687.3,30923.4,32151.9,33519.7
"Note: See the included footnote file."
"SAEXP1: Total personal consumption expenditures (PCE) by state 1/"
"Last updated: October 3, 2019-- new PCE by state statistics for 2018; revised statistics for 2014-2017."
"Source: U.S. Department of Commerce / Bureau of Economic Analysis / Regional Economic Accounts"
