GeoFIPS,GeoName,Region,TableName,ComponentName,Unit,Line,IndustryClassification,Description,1997,1998,1999,2000,2001,2002,2003,2004,2005,2006,2007,2008,2009,2010,2011,2012,2013,2014,2015,2016,2017,2018
 "29000" ,"Missouri",4,SAEXP1,"Total personal consumption expenditures (PCE) by state","Millions of current dollars",1,"...","Personal consumption expenditures",110399.5,116590.7,124195.3,131532.7,137083.2,143459.7,149434.2,155813.7,163736.6,170433.6,178134.9,185249.7,184807.1,190110.3,198834.5,205279.2,208995.0,214401.1,220916.4,226997.0,235905.4,245424.7
 "29000" ,"Missouri",4,SAEXP1,"Total personal consumption expenditures (PCE) by state","Millions of current dollars",2,"..."," Goods",44729.9,46274.2,49541.6,51197.4,52956.5,55370.0,57369.7,59404.0,62015.4,63732.7,65372.8,67406.4,64824.6,66634.9,70423.2,72427.8,73098.9,74053.5,73931.9,74876.6,77786.9,80178.7
 "29000" ,"Missouri",4,SAEXP1,"Total personal consumption expenditures (PCE) by state","Millions of current dollars",3,"...","  Durable goods",15401.7,16477.5,17720.5,18128.8,19012.8,20168.6,20760.2,21229.4,21618.3,21416.4,21605.9,20830.5,19871.3,19851.8,20405.3,21079.3,21542.1,22090.3,23019.2,23794.2,24545.3,25347.6
 "29000" ,"Missouri",4,SAEXP1,"Total personal consumption expenditures (PCE) by state","Millions of current dollars",4,"...","   Motor vehicles and parts",6661.6,7214.9,7720.1,7676.8,8260.6,8549.2,8499.6,8381.8,8279.5,7847.3,7929.1,6987.2,6793.1,7331.7,7634.6,8171.4,8350.6,8750.2,9381.1,9482.5,9744.8,10034.7
 "29000" ,"Missouri",4,SAEXP1,"Total personal consumption expenditures (PCE) by state","Millions of current dollars",5,"...","   Furnishings and durable household equipment",2870.6,3067.2,3355.7,3598.1,3674.6,3990.3,4250.6,4485.8,4732.9,4760.8,4779.3,4585.9,4162.0,4122.5,4273.7,4382.5,4427.1,4547.5,4776.1,5078.3,5388.4,5587.3
 "29000" ,"Missouri",4,SAEXP1,"Total personal consumption expenditures (PCE) by state","Millions of current dollars",6,"...","   Recreational goods and vehicles",4238.5,4474.2,4802.2,4968.8,5207.3,5616.5,5875.1,6128.6,6289.5,6344.8,6324.1,6611.4,6264.0,5757.5,5713.0,5698.6,5915.1,5885.5,5796.5,6099.5,6288.8,6513.6
 "29000" ,"Missouri",4,SAEXP1,"Total personal consumption expenditures (PCE) by state","Millions of current dollars",7,"...","   Other durable goods",1631.1,1721.2,1842.6,1885.1,1870.4,2012.5,2134.9,2233.1,2316.4,2463.4,2573.5,2646.0,2652.2,2640.1,2784.0,2826.9,2849.3,2907.0,3065.5,3133.8,3123.2,3212.0
 "29000" ,"Missouri",4,SAEXP1,"Total personal consumption expenditures (PCE) by state","Millions of current dollars",8,"...","  Nondurable goods",29328.1,29796.6,31821.0,33068.5,33943.7,35201.4,36609.5,38174.6,40397.1,42316.3,43766.9,46575.9,44953.4,46783.1,50017.9,51348.4,51556.8,51963.2,50912.8,51082.3,53241.6,54831.1
 "29000" ,"Missouri",4,SAEXP1,"Total personal consumption expenditures (PCE) by state","Millions of current dollars",9,"...","   Food and beverages purchased for off-premises consumption",9310.6,9501.6,9810.4,10021.0,10309.5,10710.4,11057.3,11650.9,12315.0,12562.1,13250.7,13988.1,14453.7,14771.1,15189.8,15473.8,15559.8,15719.1,15840.5,16110.8,16516.1,16644.7
 "29000" ,"Missouri",4,SAEXP1,"Total personal consumption expenditures (PCE) by state","Millions of current dollars",10,"...","   Clothing and footwear",4263.2,4413.0,4601.0,4469.7,4481.2,4754.7,4909.0,4947.4,5091.1,5223.2,5183.7,5136.1,5105.8,5115.6,5334.7,5461.8,5467.3,5565.8,5647.7,5664.0,5648.2,5736.1
 "29000" ,"Missouri",4,SAEXP1,"Total personal consumption expenditures (PCE) by state","Millions of current dollars",11,"...","   Gasoline and other energy goods",3694.7,3392.6,3782.0,4556.5,4438.2,4227.5,4956.7,5817.0,7140.7,8128.0,8801.3,10284.1,7549.3,8986.2,10892.0,11304.4,11155.4,10611.8,8180.8,7321.3,8166.0,9039.9
 "29000" ,"Missouri",4,SAEXP1,"Total personal consumption expenditures (PCE) by state","Millions of current dollars",12,"...","   Other nondurable goods",12059.7,12489.4,13627.6,14021.4,14714.9,15508.9,15686.5,15759.3,15850.3,16402.9,16531.2,17167.7,17844.5,17910.1,18601.4,19108.4,19374.3,20066.5,21243.7,21986.2,22911.4,23410.4
 "29000" ,"Missouri",4,SAEXP1,"Total personal consumption expenditures (PCE) by state","Millions of current dollars",13,"..."," Services",65669.6,70316.5,74653.7,80335.3,84126.7,88089.7,92064.5,96409.7,101721.2,106701.0,112762.1,117843.3,119982.5,123475.5,128411.3,132851.5,135896.1,140347.6,146984.5,152120.5,158118.5,165246.0
 "29000" ,"Missouri",4,SAEXP1,"Total personal consumption expenditures (PCE) by state","Millions of current dollars",14,"...","  Household consumption expenditures (for services)",63430.6,67732.4,71792.7,77176.3,80564.8,84197.6,87912.5,92358.6,97755.1,102283.9,108374.1,112861.4,114917.4,118343.5,122824.9,126761.7,129585.2,133933.9,140428.0,145223.9,150940.4,157572.1
 "29000" ,"Missouri",4,SAEXP1,"Total personal consumption expenditures (PCE) by state","Millions of current dollars",15,"...","   Housing and utilities",16491.9,17389.9,18259.8,19562.4,21099.2,21697.6,22507.2,23713.9,25574.3,27140.2,28296.9,29298.8,29872.9,30370.5,31311.0,31934.6,32861.3,34114.7,35575.4,36813.3,38237.1,39916.4
 "29000" ,"Missouri",4,SAEXP1,"Total personal consumption expenditures (PCE) by state","Millions of current dollars",16,"...","   Health care",15959.9,17027.1,17625.0,18632.1,20320.7,22046.2,23606.4,24887.1,26364.7,26711.4,29238.6,31386.0,32600.9,33438.9,35000.4,36255.2,36662.2,37296.2,39535.1,41203.8,42813.3,44594.9
 "29000" ,"Missouri",4,SAEXP1,"Total personal consumption expenditures (PCE) by state","Millions of current dollars",17,"...","   Transportation services",4535.3,4784.6,5243.7,5454.5,5292.6,5193.4,5002.2,4840.0,4958.1,5149.3,5277.1,5283.1,4967.8,4955.6,5182.4,5313.0,5445.2,5705.2,5926.2,6235.3,6439.7,6626.5
 "29000" ,"Missouri",4,SAEXP1,"Total personal consumption expenditures (PCE) by state","Millions of current dollars",18,"...","   Recreation services",4642.1,4861.9,5295.6,5796.8,5686.7,5996.1,6151.2,6509.4,6695.8,7226.0,7589.7,7572.7,8072.0,8420.4,8579.6,9302.1,9611.8,9895.0,10499.2,10892.1,11146.5,11294.0
 "29000" ,"Missouri",4,SAEXP1,"Total personal consumption expenditures (PCE) by state","Millions of current dollars",19,"...","   Food services and accommodations",6829.7,7165.2,7521.0,7956.1,8160.9,8563.4,8984.6,9520.5,10107.9,10605.0,11177.0,11463.0,11564.8,11985.4,12304.4,12606.5,12911.2,13530.2,14630.8,15122.9,15855.2,16716.9
 "29000" ,"Missouri",4,SAEXP1,"Total personal consumption expenditures (PCE) by state","Millions of current dollars",20,"...","   Financial services and insurance",7036.3,7715.5,8513.4,9483.9,9092.5,9233.8,9658.3,10460.6,11323.5,11860.2,12614.2,13288.3,12852.4,14024.9,15009.2,15690.9,16361.2,17324.2,17826.5,17986.9,19138.6,20369.0
 "29000" ,"Missouri",4,SAEXP1,"Total personal consumption expenditures (PCE) by state","Millions of current dollars",21,"...","   Other services",7935.5,8788.3,9334.3,10290.5,10912.2,11467.2,12002.5,12427.1,12730.8,13591.7,14180.6,14569.4,14986.6,15147.8,15438.0,15659.3,15732.2,16068.4,16434.8,16969.5,17310.2,18054.2
 "29000" ,"Missouri",4,SAEXP1,"Total personal consumption expenditures (PCE) by state","Millions of current dollars",22,"...","  Final consumption expenditures of nonprofit institutions serving households (NPISHs)",2239.0,2584.1,2861.0,3159.0,3561.9,3892.1,4152.0,4051.0,3966.1,4417.1,4388.0,4981.9,5065.1,5132.0,5586.4,6089.7,6310.9,6413.7,6556.5,6896.6,7178.1,7673.9
 "29000" ,"Missouri",4,SAEXP1,"Total personal consumption expenditures (PCE) by state","Millions of current dollars",23,"...","   Gross output of nonprofit institutions",9349.0,10151.0,10750.0,11442.1,12418.0,13447.0,14107.0,14670.0,15176.0,16242.0,16844.0,17875.9,18581.5,19114.6,19910.2,20848.7,21399.9,21711.0,22851.3,24071.3,25035.1,26290.6
 "29000" ,"Missouri",4,SAEXP1,"Total personal consumption expenditures (PCE) by state","Millions of current dollars",24,"...","   Less: Receipts from sales of goods and services by nonprofit institutions",7110.0,7567.0,7889.0,8283.0,8856.1,9554.9,9955.0,10619.0,11210.0,11825.0,12456.0,12894.0,13516.3,13982.6,14323.8,14758.9,15089.0,15297.3,16294.8,17174.7,17857.0,18616.7
"Note: See the included footnote file."
"SAEXP1: Total personal consumption expenditures (PCE) by state 1/"
"Last updated: October 3, 2019-- new PCE by state statistics for 2018; revised statistics for 2014-2017."
"Source: U.S. Department of Commerce / Bureau of Economic Analysis / Regional Economic Accounts"
