GeoFIPS,GeoName,Region,TableName,ComponentName,Unit,Line,IndustryClassification,Description,1997,1998,1999,2000,2001,2002,2003,2004,2005,2006,2007,2008,2009,2010,2011,2012,2013,2014,2015,2016,2017,2018
 "01000" ,"Alabama",5,SAEXP1,"Total personal consumption expenditures (PCE) by state","Millions of current dollars",1,"...","Personal consumption expenditures",74340.3,77946.9,82570.0,87080.2,90325.4,94859.3,99368.5,105420.7,113258.8,118931.8,124176.3,127649.7,126501.6,130833.8,135211.8,138773.3,141400.3,145877.1,149688.0,153223.8,158573.9,165716.5
 "01000" ,"Alabama",5,SAEXP1,"Total personal consumption expenditures (PCE) by state","Millions of current dollars",2,"..."," Goods",30295.9,31317.4,33614.3,35138.8,36208.9,37908.0,39810.3,42646.8,45713.1,47997.3,50167.5,50169.6,47924.8,49895.6,52313.0,53665.8,54525.5,55931.8,56286.5,56634.4,58520.9,60836.6
 "01000" ,"Alabama",5,SAEXP1,"Total personal consumption expenditures (PCE) by state","Millions of current dollars",3,"...","  Durable goods",10102.1,10809.0,11692.1,11985.9,12271.1,13122.5,13539.1,14390.0,15146.5,15615.9,16439.7,14953.6,13887.7,14402.9,14971.0,15582.3,16073.1,16601.1,17315.3,17925.1,18641.8,19380.9
 "01000" ,"Alabama",5,SAEXP1,"Total personal consumption expenditures (PCE) by state","Millions of current dollars",4,"...","   Motor vehicles and parts",4891.9,5286.7,5775.5,5816.9,6048.1,6431.5,6451.4,6590.0,6726.7,6670.1,6739.3,5679.5,5154.2,5681.6,6023.1,6451.6,6701.3,6944.8,7377.8,7533.4,7762.1,8100.9
 "01000" ,"Alabama",5,SAEXP1,"Total personal consumption expenditures (PCE) by state","Millions of current dollars",5,"...","   Furnishings and durable household equipment",2221.4,2335.7,2480.5,2589.9,2599.0,2777.3,2893.0,3139.1,3425.8,3624.7,3720.7,3442.9,3151.7,3141.5,3177.8,3252.4,3314.8,3424.3,3611.9,3832.2,4020.3,4188.0
 "01000" ,"Alabama",5,SAEXP1,"Total personal consumption expenditures (PCE) by state","Millions of current dollars",6,"...","   Recreational goods and vehicles",1907.8,2013.6,2144.5,2222.5,2274.7,2458.1,2707.9,3057.3,3296.3,3489.1,3969.7,3842.7,3603.5,3520.0,3590.7,3663.7,3758.5,3820.4,3863.8,4114.8,4406.1,4549.5
 "01000" ,"Alabama",5,SAEXP1,"Total personal consumption expenditures (PCE) by state","Millions of current dollars",7,"...","   Other durable goods",1081.0,1172.9,1291.6,1356.5,1349.3,1455.6,1486.9,1603.6,1697.8,1831.9,2010.0,1988.6,1978.3,2059.7,2179.4,2214.7,2298.5,2411.6,2461.7,2444.7,2453.4,2542.5
 "01000" ,"Alabama",5,SAEXP1,"Total personal consumption expenditures (PCE) by state","Millions of current dollars",8,"...","  Nondurable goods",20193.8,20508.5,21922.2,23152.9,23937.8,24785.5,26271.1,28256.8,30566.5,32381.4,33727.8,35216.0,34037.2,35492.7,37342.0,38083.5,38452.4,39330.7,38971.2,38709.3,39879.1,41455.7
 "01000" ,"Alabama",5,SAEXP1,"Total personal consumption expenditures (PCE) by state","Millions of current dollars",9,"...","   Food and beverages purchased for off-premises consumption",7742.9,7856.7,8270.0,8325.3,8784.9,9037.4,9328.3,9670.3,10251.9,10257.1,10564.0,11013.1,11154.0,11257.9,11638.3,11833.8,11862.3,12187.4,12414.4,12629.0,12862.2,13426.6
 "01000" ,"Alabama",5,SAEXP1,"Total personal consumption expenditures (PCE) by state","Millions of current dollars",10,"...","   Clothing and footwear",3549.5,3671.0,3773.6,3807.2,3792.0,3893.3,3819.4,3990.7,4200.9,4295.5,4328.9,4286.6,4172.5,4320.5,4452.7,4460.6,4488.2,4610.2,4761.3,4835.7,4828.8,4959.1
 "01000" ,"Alabama",5,SAEXP1,"Total personal consumption expenditures (PCE) by state","Millions of current dollars",11,"...","   Gasoline and other energy goods",2437.2,2121.2,2342.4,3052.0,2851.5,2666.5,3147.9,3726.4,4555.7,5281.9,5632.4,6373.6,4665.4,5571.2,6827.5,6936.7,6881.1,6458.8,4891.7,4289.4,4737.7,5275.3
 "01000" ,"Alabama",5,SAEXP1,"Total personal consumption expenditures (PCE) by state","Millions of current dollars",12,"...","   Other nondurable goods",6464.2,6859.6,7536.3,7968.4,8509.4,9188.4,9975.6,10869.3,11557.9,12546.9,13202.5,13542.7,14045.2,14343.1,14423.5,14852.4,15220.8,16074.2,16903.9,16955.2,17450.3,17794.7
 "01000" ,"Alabama",5,SAEXP1,"Total personal consumption expenditures (PCE) by state","Millions of current dollars",13,"..."," Services",44044.5,46629.5,48955.7,51941.4,54116.5,56951.4,59558.2,62774.0,67545.8,70934.5,74008.8,77480.0,78576.8,80938.2,82898.8,85107.4,86874.8,89945.2,93401.4,96589.4,100053.0,104879.9
 "01000" ,"Alabama",5,SAEXP1,"Total personal consumption expenditures (PCE) by state","Millions of current dollars",14,"...","  Household consumption expenditures (for services)",43244.5,45615.4,47710.7,50564.4,52695.5,55487.3,58217.3,61314.9,66080.7,69483.4,72296.8,75319.7,76445.5,78834.0,80688.4,82761.8,84454.2,87326.7,90819.1,93723.6,97068.3,101641.5
 "01000" ,"Alabama",5,SAEXP1,"Total personal consumption expenditures (PCE) by state","Millions of current dollars",15,"...","   Housing and utilities",10965.1,11676.3,12219.5,13023.2,13804.9,14328.1,14949.3,15679.8,16907.0,17990.2,18866.9,19745.8,20099.5,21032.5,21519.6,22037.5,22676.9,23755.0,24509.1,25726.7,26496.6,27579.6
 "01000" ,"Alabama",5,SAEXP1,"Total personal consumption expenditures (PCE) by state","Millions of current dollars",16,"...","   Health care",12476.8,12892.3,13144.1,13762.0,14679.1,15863.3,16640.0,17552.1,19375.5,20152.5,20622.9,21400.1,22331.8,22636.6,23001.8,24018.6,24522.9,25294.1,26620.9,27335.2,28306.2,29419.6
 "01000" ,"Alabama",5,SAEXP1,"Total personal consumption expenditures (PCE) by state","Millions of current dollars",17,"...","   Transportation services",2098.2,2210.4,2318.0,2410.7,2383.4,2347.3,2400.8,2500.0,2654.2,2749.6,2795.2,2799.9,2644.7,2744.1,2858.1,2896.7,2925.9,3059.9,3175.1,3316.2,3497.7,3628.9
 "01000" ,"Alabama",5,SAEXP1,"Total personal consumption expenditures (PCE) by state","Millions of current dollars",18,"...","   Recreation services",3274.5,3253.2,3280.0,3313.8,3372.3,3512.7,3655.6,3888.2,4072.7,4239.8,4361.9,4523.0,4523.8,4647.1,4642.3,4729.9,4835.2,4901.0,5099.6,5300.2,5413.5,5622.2
 "01000" ,"Alabama",5,SAEXP1,"Total personal consumption expenditures (PCE) by state","Millions of current dollars",19,"...","   Food services and accommodations",4194.7,4376.6,4645.4,4803.6,4908.8,5085.3,5456.5,5796.4,6259.3,6696.9,7035.3,7351.9,7433.3,7665.3,7939.2,8267.2,8528.9,8895.6,9471.3,9878.9,10271.7,10876.1
 "01000" ,"Alabama",5,SAEXP1,"Total personal consumption expenditures (PCE) by state","Millions of current dollars",20,"...","   Financial services and insurance",4754.1,5474.9,6253.6,7101.7,7030.3,7547.4,7991.2,8502.1,9155.0,9646.7,10463.6,11086.0,10908.0,11427.3,11793.9,11861.9,11904.2,12032.6,12507.0,12495.9,13040.7,13901.0
 "01000" ,"Alabama",5,SAEXP1,"Total personal consumption expenditures (PCE) by state","Millions of current dollars",21,"...","   Other services",5481.2,5731.9,5850.1,6149.4,6516.7,6803.4,7123.9,7396.4,7657.0,8007.8,8151.1,8413.0,8504.5,8681.1,8933.6,8950.0,9060.2,9388.5,9436.1,9670.5,10041.8,10614.0
 "01000" ,"Alabama",5,SAEXP1,"Total personal consumption expenditures (PCE) by state","Millions of current dollars",22,"...","  Final consumption expenditures of nonprofit institutions serving households (NPISHs)",800.0,1014.0,1245.0,1377.0,1421.0,1464.0,1341.0,1459.0,1465.0,1451.1,1712.0,2160.3,2131.3,2104.1,2210.3,2345.6,2420.5,2618.6,2582.3,2865.8,2984.7,3238.3
 "01000" ,"Alabama",5,SAEXP1,"Total personal consumption expenditures (PCE) by state","Millions of current dollars",23,"...","   Gross output of nonprofit institutions",6320.0,6804.0,7353.0,7807.0,8183.0,8697.0,8861.0,9642.0,10347.0,10823.0,11839.0,12525.0,12934.9,13303.7,13675.8,14091.9,14535.9,14908.7,15464.6,16009.1,16650.1,17485.1
 "01000" ,"Alabama",5,SAEXP1,"Total personal consumption expenditures (PCE) by state","Millions of current dollars",24,"...","   Less: Receipts from sales of goods and services by nonprofit institutions",5520.0,5790.0,6108.0,6430.0,6762.0,7233.0,7520.0,8183.0,8882.0,9372.0,10127.0,10364.7,10803.6,11199.5,11465.4,11746.3,12115.3,12290.1,12882.3,13143.2,13665.4,14246.7
"Note: See the included footnote file."
"SAEXP1: Total personal consumption expenditures (PCE) by state 1/"
"Last updated: October 3, 2019-- new PCE by state statistics for 2018; revised statistics for 2014-2017."
"Source: U.S. Department of Commerce / Bureau of Economic Analysis / Regional Economic Accounts"
