GeoFIPS,GeoName,Region,TableName,ComponentName,Unit,Line,IndustryClassification,Description,1997,1998,1999,2000,2001,2002,2003,2004,2005,2006,2007,2008,2009,2010,2011,2012,2013,2014,2015,2016,2017,2018
 "20000" ,"Kansas",4,SAEXP1,"Total personal consumption expenditures (PCE) by state","Millions of current dollars",1,"...","Personal consumption expenditures",47648.9,50892.2,54497.4,58190.4,60465.4,62183.2,65239.5,69175.3,72783.2,77469.2,81867.8,84690.8,83745.7,85461.5,89189.3,92119.1,94035.1,97374.2,100199.9,102837.9,106176.0,110338.6
 "20000" ,"Kansas",4,SAEXP1,"Total personal consumption expenditures (PCE) by state","Millions of current dollars",2,"..."," Goods",19252.9,20352.6,21836.5,22866.3,23244.2,23227.2,24180.0,25457.4,26673.9,28327.9,29969.6,30419.5,29001.5,30000.9,31774.6,33067.2,33586.4,34406.2,34570.3,34911.6,35609.2,36658.2
 "20000" ,"Kansas",4,SAEXP1,"Total personal consumption expenditures (PCE) by state","Millions of current dollars",3,"...","  Durable goods",6881.2,7456.7,8005.4,8165.8,8361.2,8459.8,8665.3,9246.7,9260.8,9666.6,10282.5,9970.6,9455.2,9729.6,9921.1,10560.1,10812.6,11140.1,11652.5,12041.0,12242.7,12530.0
 "20000" ,"Kansas",4,SAEXP1,"Total personal consumption expenditures (PCE) by state","Millions of current dollars",4,"...","   Motor vehicles and parts",2970.3,3204.8,3417.6,3410.0,3535.5,3592.4,3496.8,3530.3,3505.9,3469.3,3618.1,3294.5,3150.9,3400.5,3495.9,3890.7,3924.2,4028.2,4235.8,4276.3,4353.9,4515.4
 "20000" ,"Kansas",4,SAEXP1,"Total personal consumption expenditures (PCE) by state","Millions of current dollars",5,"...","   Furnishings and durable household equipment",1425.5,1564.9,1662.7,1776.9,1806.4,1854.2,1994.3,2221.6,2236.5,2442.1,2586.1,2519.0,2353.3,2344.1,2369.7,2476.8,2535.1,2714.4,2857.9,3073.1,3148.9,3169.3
 "20000" ,"Kansas",4,SAEXP1,"Total personal consumption expenditures (PCE) by state","Millions of current dollars",6,"...","   Recreational goods and vehicles",1653.0,1789.4,1972.2,1977.9,2029.7,2030.5,2154.1,2410.6,2436.6,2556.7,2748.1,2802.1,2625.9,2626.8,2610.5,2686.1,2821.5,2853.3,2955.1,3096.4,3144.3,3204.4
 "20000" ,"Kansas",4,SAEXP1,"Total personal consumption expenditures (PCE) by state","Millions of current dollars",7,"...","   Other durable goods",832.4,897.5,952.9,1001.0,989.6,982.6,1020.1,1084.3,1081.8,1198.6,1330.2,1355.0,1325.1,1358.2,1445.0,1506.5,1531.7,1544.2,1603.7,1595.1,1595.6,1640.9
 "20000" ,"Kansas",4,SAEXP1,"Total personal consumption expenditures (PCE) by state","Millions of current dollars",8,"...","  Nondurable goods",12371.7,12896.0,13831.1,14700.5,14883.0,14767.5,15514.7,16210.6,17413.1,18661.3,19687.0,20448.9,19546.3,20271.3,21853.5,22507.1,22773.9,23266.1,22917.8,22870.6,23366.5,24128.2
 "20000" ,"Kansas",4,SAEXP1,"Total personal consumption expenditures (PCE) by state","Millions of current dollars",9,"...","   Food and beverages purchased for off-premises consumption",4773.0,4971.8,5248.2,5454.5,5515.2,5449.9,5727.6,5927.3,6495.3,6807.3,7223.4,7508.9,7540.5,7472.0,7885.5,8033.1,8080.2,8297.8,8482.3,8589.7,8756.2,8834.7
 "20000" ,"Kansas",4,SAEXP1,"Total personal consumption expenditures (PCE) by state","Millions of current dollars",10,"...","   Clothing and footwear",1948.4,2106.8,2142.3,2207.4,2215.3,2183.6,2177.6,2131.9,2168.8,2301.9,2430.1,2444.9,2361.6,2437.6,2523.7,2599.6,2606.9,2637.0,2683.3,2704.9,2692.5,2752.0
 "20000" ,"Kansas",4,SAEXP1,"Total personal consumption expenditures (PCE) by state","Millions of current dollars",11,"...","   Gasoline and other energy goods",1496.2,1358.2,1537.6,1855.1,1760.6,1640.4,1905.2,2212.7,2670.5,3021.1,3257.0,3603.3,2659.7,3130.0,3911.5,3970.0,4054.9,3957.4,3115.1,2780.6,3017.3,3339.2
 "20000" ,"Kansas",4,SAEXP1,"Total personal consumption expenditures (PCE) by state","Millions of current dollars",12,"...","   Other nondurable goods",4154.0,4459.2,4903.1,5183.5,5391.9,5493.6,5704.3,5938.8,6078.4,6531.0,6776.6,6891.8,6984.5,7231.7,7532.7,7904.5,8031.8,8373.9,8637.0,8795.4,8900.5,9202.2
 "20000" ,"Kansas",4,SAEXP1,"Total personal consumption expenditures (PCE) by state","Millions of current dollars",13,"..."," Services",28396.0,30539.6,32660.9,35324.1,37221.2,38955.9,41059.5,43717.9,46109.4,49141.3,51898.2,54271.3,54744.2,55460.6,57414.7,59051.9,60448.7,62968.0,65629.6,67926.3,70566.7,73680.4
 "20000" ,"Kansas",4,SAEXP1,"Total personal consumption expenditures (PCE) by state","Millions of current dollars",14,"...","  Household consumption expenditures (for services)",27609.0,29511.6,31362.9,33869.1,35673.2,37396.9,39384.5,41982.9,44547.3,47212.2,50104.2,52129.7,52569.2,53255.9,54993.2,56403.3,57812.3,60266.5,62940.4,65057.8,67580.6,70473.6
 "20000" ,"Kansas",4,SAEXP1,"Total personal consumption expenditures (PCE) by state","Millions of current dollars",15,"...","   Housing and utilities",8116.8,8592.7,8965.4,9690.0,10353.6,10612.3,11024.3,11599.9,12484.4,13149.6,13625.3,14142.7,14447.5,14510.7,14862.5,15168.5,15647.1,16329.0,16993.1,17785.5,18481.7,19327.7
 "20000" ,"Kansas",4,SAEXP1,"Total personal consumption expenditures (PCE) by state","Millions of current dollars",16,"...","   Health care",7339.9,7656.6,8115.8,8491.5,9257.4,9902.2,10481.8,11304.9,12019.0,12563.0,13391.3,14178.1,14695.2,15098.4,15749.5,16462.1,16623.0,17013.9,17721.1,18016.8,18488.0,19192.7
 "20000" ,"Kansas",4,SAEXP1,"Total personal consumption expenditures (PCE) by state","Millions of current dollars",17,"...","   Transportation services",1579.1,1662.9,1716.7,1787.5,1866.1,1824.0,1848.8,1914.0,2033.5,2187.5,2238.2,2331.8,2283.2,2280.8,2355.8,2389.6,2450.5,2570.1,2651.9,2750.9,2806.6,2898.3
 "20000" ,"Kansas",4,SAEXP1,"Total personal consumption expenditures (PCE) by state","Millions of current dollars",18,"...","   Recreation services",1310.5,1446.8,1703.6,1982.7,2088.2,2380.8,2583.7,2821.0,2889.0,3123.5,3538.9,3535.7,3381.7,3215.5,3174.6,3250.6,3428.7,3581.4,3649.8,3700.7,3754.0,3813.8
 "20000" ,"Kansas",4,SAEXP1,"Total personal consumption expenditures (PCE) by state","Millions of current dollars",19,"...","   Food services and accommodations",2906.0,3096.3,3086.3,3228.3,3330.6,3450.6,3665.9,3998.5,4175.6,4502.2,4583.8,4728.1,4786.2,4904.1,5104.4,5350.9,5474.7,5729.2,6099.7,6233.1,6432.7,6697.8
 "20000" ,"Kansas",4,SAEXP1,"Total personal consumption expenditures (PCE) by state","Millions of current dollars",20,"...","   Financial services and insurance",2905.8,3172.3,3525.9,3991.6,3860.6,3988.0,4206.4,4590.1,5026.4,5380.2,5976.1,6388.1,6199.1,6520.9,6821.8,6858.7,7185.8,7679.6,8306.3,8703.5,9340.6,9941.3
 "20000" ,"Kansas",4,SAEXP1,"Total personal consumption expenditures (PCE) by state","Millions of current dollars",21,"...","   Other services",3450.8,3884.0,4249.2,4697.7,4916.6,5239.0,5573.6,5754.4,5919.5,6306.2,6750.7,6825.2,6776.3,6725.6,6924.6,6922.9,7002.6,7363.2,7518.5,7867.3,8276.9,8602.0
 "20000" ,"Kansas",4,SAEXP1,"Total personal consumption expenditures (PCE) by state","Millions of current dollars",22,"...","  Final consumption expenditures of nonprofit institutions serving households (NPISHs)",787.0,1028.0,1298.0,1455.0,1548.0,1559.0,1675.0,1735.0,1562.0,1929.0,1794.0,2141.6,2175.0,2204.6,2421.5,2648.6,2636.4,2701.5,2689.2,2868.5,2986.2,3206.8
 "20000" ,"Kansas",4,SAEXP1,"Total personal consumption expenditures (PCE) by state","Millions of current dollars",23,"...","   Gross output of nonprofit institutions",4440.0,4806.0,5353.0,5740.0,6026.0,6282.0,6528.0,6969.0,7085.0,7917.0,7998.0,8538.5,8898.6,9190.9,9646.1,10104.6,10259.4,10647.8,11146.6,11831.4,12305.1,12922.2
 "20000" ,"Kansas",4,SAEXP1,"Total personal consumption expenditures (PCE) by state","Millions of current dollars",24,"...","   Less: Receipts from sales of goods and services by nonprofit institutions",3653.0,3778.0,4055.0,4285.0,4478.0,4723.0,4853.0,5234.0,5523.0,5988.0,6204.0,6396.9,6723.6,6986.3,7224.7,7456.0,7623.0,7946.3,8457.4,8962.9,9318.9,9715.4
"Note: See the included footnote file."
"SAEXP1: Total personal consumption expenditures (PCE) by state 1/"
"Last updated: October 3, 2019-- new PCE by state statistics for 2018; revised statistics for 2014-2017."
"Source: U.S. Department of Commerce / Bureau of Economic Analysis / Regional Economic Accounts"
