GeoFIPS,GeoName,Region,TableName,ComponentName,Unit,Line,IndustryClassification,Description,1997,1998,1999,2000,2001,2002,2003,2004,2005,2006,2007,2008,2009,2010,2011,2012,2013,2014,2015,2016,2017,2018
 "08000" ,"Colorado",7,SAEXP1,"Total personal consumption expenditures (PCE) by state","Millions of current dollars",1,"...","Personal consumption expenditures",89469.6,96764.3,106165.5,117009.2,123240.4,126589.8,132075.9,139882.6,148386.5,157235.5,166096.0,170934.8,168433.3,172803.3,180175.9,186386.6,192697.4,203378.4,214093.4,224693.5,237075.8,251595.2
 "08000" ,"Colorado",7,SAEXP1,"Total personal consumption expenditures (PCE) by state","Millions of current dollars",2,"..."," Goods",31743.4,34063.1,38014.4,41573.0,43126.9,43252.6,44589.1,47306.5,50246.0,52676.4,55513.8,55694.9,52216.0,53459.6,56293.6,58458.4,60157.8,62976.5,64754.0,67301.3,71506.3,75624.9
 "08000" ,"Colorado",7,SAEXP1,"Total personal consumption expenditures (PCE) by state","Millions of current dollars",3,"...","  Durable goods",12094.5,13515.5,15158.4,16800.7,17291.9,17628.3,17700.3,18775.1,19566.4,20191.7,21033.1,19635.5,17811.7,18041.8,18468.4,19211.2,20246.1,21375.9,22567.1,23710.0,25342.4,26752.9
 "08000" ,"Colorado",7,SAEXP1,"Total personal consumption expenditures (PCE) by state","Millions of current dollars",4,"...","   Motor vehicles and parts",4250.7,4728.5,5381.9,5855.9,6316.9,6502.6,6339.9,6460.4,6363.4,6159.0,6558.2,5646.7,5138.2,5294.5,5378.6,5792.8,6194.7,6671.9,7238.0,7344.7,7805.4,8214.0
 "08000" ,"Colorado",7,SAEXP1,"Total personal consumption expenditures (PCE) by state","Millions of current dollars",5,"...","   Furnishings and durable household equipment",3008.0,3314.0,3676.9,4089.6,4289.9,4352.0,4309.6,4685.1,5029.2,5231.9,5351.1,5099.1,4459.2,4465.9,4609.1,4771.1,5062.0,5443.0,5878.7,6313.8,6585.6,6957.4
 "08000" ,"Colorado",7,SAEXP1,"Total personal consumption expenditures (PCE) by state","Millions of current dollars",6,"...","   Recreational goods and vehicles",3277.2,3773.8,4215.9,4757.7,4661.1,4673.6,4824.6,5231.7,5611.9,5982.9,6153.0,5957.3,5382.3,5350.0,5424.4,5532.7,5750.7,5854.3,5852.5,6322.1,7011.5,7302.0
 "08000" ,"Colorado",7,SAEXP1,"Total personal consumption expenditures (PCE) by state","Millions of current dollars",7,"...","   Other durable goods",1558.6,1699.3,1883.6,2097.5,2024.0,2100.1,2226.2,2398.0,2561.8,2817.9,2970.9,2932.4,2832.1,2931.4,3056.3,3114.6,3238.8,3406.7,3597.9,3729.3,3940.0,4279.5
 "08000" ,"Colorado",7,SAEXP1,"Total personal consumption expenditures (PCE) by state","Millions of current dollars",8,"...","  Nondurable goods",19648.8,20547.6,22856.0,24772.2,25835.0,25624.3,26888.7,28531.4,30679.6,32484.7,34480.6,36059.4,34404.3,35417.8,37825.2,39247.3,39911.6,41600.6,42187.0,43591.3,46163.9,48872.0
 "08000" ,"Colorado",7,SAEXP1,"Total personal consumption expenditures (PCE) by state","Millions of current dollars",9,"...","   Food and beverages purchased for off-premises consumption",7258.8,7629.1,8455.1,8913.0,9554.0,9544.9,10042.5,10619.2,11358.7,11682.6,12469.6,13209.7,13473.8,13593.3,14232.8,14961.8,15253.6,16085.9,16708.8,17341.3,17994.1,18688.5
 "08000" ,"Colorado",7,SAEXP1,"Total personal consumption expenditures (PCE) by state","Millions of current dollars",10,"...","   Clothing and footwear",3720.4,3961.0,4272.5,4459.5,4536.6,4496.1,4599.7,4743.2,4966.6,5195.1,5280.8,5218.4,4970.4,5113.3,5420.7,5563.6,5709.4,5970.5,6249.5,6457.9,6499.2,6919.8
 "08000" ,"Colorado",7,SAEXP1,"Total personal consumption expenditures (PCE) by state","Millions of current dollars",11,"...","   Gasoline and other energy goods",2363.1,2110.4,2381.2,3052.2,3046.6,2760.2,3135.1,3616.8,4264.7,4741.2,5197.0,5988.0,4316.0,4952.9,6021.4,6129.0,6002.8,5703.7,4374.0,3889.0,4396.2,5095.7
 "08000" ,"Colorado",7,SAEXP1,"Total personal consumption expenditures (PCE) by state","Millions of current dollars",12,"...","   Other nondurable goods",6306.6,6847.1,7747.3,8347.6,8697.9,8823.2,9111.5,9552.2,10089.6,10865.8,11533.2,11643.2,11644.0,11758.3,12150.3,12592.8,12945.9,13840.4,14854.7,15903.0,17274.4,18168.1
 "08000" ,"Colorado",7,SAEXP1,"Total personal consumption expenditures (PCE) by state","Millions of current dollars",13,"..."," Services",57726.3,62701.2,68151.1,75436.2,80113.4,83337.2,87486.8,92576.0,98140.5,104559.1,110582.2,115239.9,116217.3,119343.7,123882.3,127928.1,132539.6,140401.9,149339.3,157392.2,165569.5,175970.3
 "08000" ,"Colorado",7,SAEXP1,"Total personal consumption expenditures (PCE) by state","Millions of current dollars",14,"...","  Household consumption expenditures (for services)",56809.3,61589.2,66711.1,73648.2,78012.5,81069.2,85068.8,90092.0,95627.5,101605.0,107687.2,111814.0,112802.3,115746.8,119921.0,123466.0,127906.0,135466.0,144373.5,152157.7,160119.6,170100.3
 "08000" ,"Colorado",7,SAEXP1,"Total personal consumption expenditures (PCE) by state","Millions of current dollars",15,"...","   Housing and utilities",18934.4,20166.4,21421.3,22896.1,24866.5,25687.6,26870.3,28533.8,30732.3,32362.2,33367.3,34575.7,35168.2,35180.8,36067.5,36804.3,37847.0,39689.9,42192.9,44691.1,47398.0,50588.9
 "08000" ,"Colorado",7,SAEXP1,"Total personal consumption expenditures (PCE) by state","Millions of current dollars",16,"...","   Health care",10317.6,11062.8,11755.5,12970.7,14574.6,16164.5,17153.6,18540.0,19319.8,20300.9,22111.9,23374.5,24800.9,25576.8,26406.9,27195.4,28130.8,30248.4,32963.0,35094.4,36014.4,37407.8
 "08000" ,"Colorado",7,SAEXP1,"Total personal consumption expenditures (PCE) by state","Millions of current dollars",17,"...","   Transportation services",4538.4,4720.4,4981.6,5433.5,5282.2,4975.0,5007.5,5311.3,5541.7,5877.8,6218.2,6472.7,6081.2,6366.2,6834.7,7298.1,7645.2,8092.5,8523.3,8955.2,9513.3,10234.7
 "08000" ,"Colorado",7,SAEXP1,"Total personal consumption expenditures (PCE) by state","Millions of current dollars",18,"...","   Recreation services",3740.5,4281.9,4850.8,5501.7,5606.9,5621.7,5959.5,6151.3,6517.3,7229.5,7887.7,8168.3,8419.9,8833.4,8884.0,9403.3,9979.5,10641.8,11272.9,11899.6,12320.2,13003.5
 "08000" ,"Colorado",7,SAEXP1,"Total personal consumption expenditures (PCE) by state","Millions of current dollars",19,"...","   Food services and accommodations",6725.3,7026.9,7498.1,8270.0,8613.1,8851.9,9132.6,9735.7,10288.5,10937.2,11738.0,12276.9,11987.9,12404.9,13298.9,13978.3,14706.6,15808.6,17211.4,18078.4,19339.7,20983.1
 "08000" ,"Colorado",7,SAEXP1,"Total personal consumption expenditures (PCE) by state","Millions of current dollars",20,"...","   Financial services and insurance",5889.7,6593.4,7408.9,8540.8,8297.4,8528.3,8976.2,9632.7,10336.4,10788.1,11412.3,11673.4,10866.0,11397.0,12116.7,12250.1,12808.8,13232.9,13756.4,13846.8,14986.4,16010.3
 "08000" ,"Colorado",7,SAEXP1,"Total personal consumption expenditures (PCE) by state","Millions of current dollars",21,"...","   Other services",6663.4,7737.4,8794.9,10035.4,10771.8,11240.2,11969.1,12187.3,12891.4,14109.4,14951.8,15272.4,15478.3,15987.8,16312.3,16536.5,16788.1,17751.9,18453.7,19592.3,20547.6,21871.9
 "08000" ,"Colorado",7,SAEXP1,"Total personal consumption expenditures (PCE) by state","Millions of current dollars",22,"...","  Final consumption expenditures of nonprofit institutions serving households (NPISHs)",917.0,1112.1,1440.0,1788.0,2100.9,2268.1,2418.0,2484.0,2513.1,2954.1,2895.0,3426.0,3415.0,3596.9,3961.2,4462.1,4633.6,4935.8,4965.8,5234.5,5449.9,5870.0
 "08000" ,"Colorado",7,SAEXP1,"Total personal consumption expenditures (PCE) by state","Millions of current dollars",23,"...","   Gross output of nonprofit institutions",6775.0,7533.0,8336.0,9217.1,10123.0,10984.0,11603.0,12405.0,13208.0,14203.0,14781.0,15778.0,16455.8,17251.1,18158.5,19237.0,19777.2,20877.4,22240.3,23796.4,24749.2,25990.4
 "08000" ,"Colorado",7,SAEXP1,"Total personal consumption expenditures (PCE) by state","Millions of current dollars",24,"...","   Less: Receipts from sales of goods and services by nonprofit institutions",5858.0,6421.0,6896.0,7429.0,8022.0,8716.0,9185.0,9921.0,10695.0,11249.0,11886.0,12352.0,13040.8,13654.2,14197.2,14774.8,15143.7,15941.6,17274.6,18561.9,19299.3,20120.3
"Note: See the included footnote file."
"SAEXP1: Total personal consumption expenditures (PCE) by state 1/"
"Last updated: October 3, 2019-- new PCE by state statistics for 2018; revised statistics for 2014-2017."
"Source: U.S. Department of Commerce / Bureau of Economic Analysis / Regional Economic Accounts"
