GeoFIPS,GeoName,Region,TableName,ComponentName,Unit,Line,IndustryClassification,Description,1997,1998,1999,2000,2001,2002,2003,2004,2005,2006,2007,2008,2009,2010,2011,2012,2013,2014,2015,2016,2017,2018
 "36000" ,"New York",2,SAEXP1,"Total personal consumption expenditures (PCE) by state","Millions of current dollars",1,"...","Personal consumption expenditures",415463.2,439818.8,468376.7,502798.6,523766.2,540169.1,568632.6,602860.5,640174.0,673697.5,704268.1,724900.5,715358.4,739392.5,772717.1,797514.1,825894.0,870259.6,901131.7,936268.4,976732.2,1029887.8
 "36000" ,"New York",2,SAEXP1,"Total personal consumption expenditures (PCE) by state","Millions of current dollars",2,"..."," Goods",131245.7,137001.5,147687.2,157602.5,163797.5,168539.9,176619.4,186623.8,197110.2,204805.3,212054.4,213345.7,203381.6,212450.1,224960.2,229554.7,237915.0,248568.4,252832.1,256842.4,267918.3,282929.0
 "36000" ,"New York",2,SAEXP1,"Total personal consumption expenditures (PCE) by state","Millions of current dollars",3,"...","  Durable goods",37091.6,40145.7,44038.8,47215.7,49583.1,52142.4,54546.0,57506.8,59446.8,60625.9,63371.9,60136.5,55619.6,57143.9,59549.1,60514.5,62855.9,65491.5,67214.3,68584.5,71304.9,74798.2
 "36000" ,"New York",2,SAEXP1,"Total personal consumption expenditures (PCE) by state","Millions of current dollars",4,"...","   Motor vehicles and parts",12353.0,13386.5,14579.8,15300.3,16340.9,17502.1,18359.4,18736.2,18556.5,17583.8,18063.3,15765.2,14972.1,16029.3,17003.6,17960.3,18643.7,19530.5,20338.7,20540.9,21231.3,22073.4
 "36000" ,"New York",2,SAEXP1,"Total personal consumption expenditures (PCE) by state","Millions of current dollars",5,"...","   Furnishings and durable household equipment",9277.7,10028.0,11235.2,12397.1,13051.2,13822.4,14170.3,15466.9,16165.5,16776.8,17686.8,17294.7,15657.0,15945.2,16560.7,16865.8,17551.9,18221.6,19018.4,19702.4,20614.2,21366.2
 "36000" ,"New York",2,SAEXP1,"Total personal consumption expenditures (PCE) by state","Millions of current dollars",6,"...","   Recreational goods and vehicles",10102.7,10962.9,11866.5,12659.8,13373.9,13753.6,14444.1,15165.8,15974.0,16562.3,17198.4,16735.9,15110.1,14746.0,14470.9,13891.5,14100.6,14561.4,14573.2,14972.9,15818.2,16751.6
 "36000" ,"New York",2,SAEXP1,"Total personal consumption expenditures (PCE) by state","Millions of current dollars",7,"...","   Other durable goods",5358.3,5768.4,6357.3,6858.5,6817.1,7064.3,7572.1,8137.9,8750.8,9703.0,10423.4,10340.7,9880.5,10423.3,11513.9,11796.9,12559.7,13178.0,13284.0,13368.3,13641.1,14607.0
 "36000" ,"New York",2,SAEXP1,"Total personal consumption expenditures (PCE) by state","Millions of current dollars",8,"...","  Nondurable goods",94154.1,96855.8,103648.4,110386.8,114214.4,116397.4,122073.4,129117.1,137663.4,144179.4,148682.5,153209.2,147762.0,155306.2,165411.1,169040.1,175059.1,183076.9,185617.9,188257.9,196613.4,208130.8
 "36000" ,"New York",2,SAEXP1,"Total personal consumption expenditures (PCE) by state","Millions of current dollars",9,"...","   Food and beverages purchased for off-premises consumption",27673.2,27948.2,29610.1,30856.0,32381.3,33232.6,34462.0,36120.0,39116.5,40514.3,42085.0,43893.6,44355.7,46139.6,48335.5,50143.8,51700.7,53607.5,54945.4,55969.5,57831.9,60906.7
 "36000" ,"New York",2,SAEXP1,"Total personal consumption expenditures (PCE) by state","Millions of current dollars",10,"...","   Clothing and footwear",22292.2,23081.1,24564.1,25468.2,25130.0,25274.0,25705.8,26551.5,27592.2,29075.4,29115.8,28598.6,27119.0,28814.7,31385.6,32503.6,34367.9,35571.6,35537.8,36012.2,35976.5,37480.3
 "36000" ,"New York",2,SAEXP1,"Total personal consumption expenditures (PCE) by state","Millions of current dollars",11,"...","   Gasoline and other energy goods",6925.6,5977.6,6540.4,8372.2,8102.4,7675.6,9222.4,10735.1,12712.2,14141.2,15262.8,17704.5,13133.8,15030.7,18026.3,17500.4,17473.8,16937.6,13114.6,11298.4,12723.6,14591.0
 "36000" ,"New York",2,SAEXP1,"Total personal consumption expenditures (PCE) by state","Millions of current dollars",12,"...","   Other nondurable goods",37263.1,39848.9,42933.8,45690.3,48600.8,50215.3,52683.2,55710.5,58242.5,60448.5,62218.9,63012.6,63153.5,65321.2,67663.7,68892.3,71516.7,76960.2,82020.1,84977.7,90081.4,95152.9
 "36000" ,"New York",2,SAEXP1,"Total personal consumption expenditures (PCE) by state","Millions of current dollars",13,"..."," Services",284217.5,302817.3,320689.5,345196.1,359968.7,371629.3,392013.2,416236.7,443063.8,468892.2,492213.7,511554.8,511976.8,526942.4,547756.9,567959.5,587979.0,621691.1,648299.5,679426.0,708813.9,746958.8
 "36000" ,"New York",2,SAEXP1,"Total personal consumption expenditures (PCE) by state","Millions of current dollars",14,"...","  Household consumption expenditures (for services)",275213.4,291713.0,308759.4,331670.9,344626.0,354727.0,374406.4,397759.5,422966.5,447067.9,469958.8,485707.0,485758.0,500004.9,519312.8,536126.7,555773.1,588118.9,614219.6,642804.9,670698.6,706234.8
 "36000" ,"New York",2,SAEXP1,"Total personal consumption expenditures (PCE) by state","Millions of current dollars",15,"...","   Housing and utilities",77204.9,80767.7,85162.6,90290.4,96875.1,99739.7,104085.8,108517.3,117087.0,122994.9,129267.9,134674.4,136779.2,138097.7,142594.2,144681.1,148825.9,155962.7,163133.0,168345.9,174222.9,181097.9
 "36000" ,"New York",2,SAEXP1,"Total personal consumption expenditures (PCE) by state","Millions of current dollars",16,"...","   Health care",64620.1,68158.2,71322.6,74727.0,80089.8,85737.9,91401.1,97268.6,100902.4,104976.4,109901.4,113507.0,119399.1,122862.6,125855.9,128082.2,131311.4,136933.8,141045.3,148709.1,155886.3,167098.7
 "36000" ,"New York",2,SAEXP1,"Total personal consumption expenditures (PCE) by state","Millions of current dollars",17,"...","   Transportation services",19840.3,21202.3,22450.4,24142.1,24265.0,23499.8,24369.5,26039.7,27272.0,28773.5,30177.4,31388.1,31021.0,32131.0,34417.6,35783.2,37776.7,40498.7,42205.3,43961.4,45937.1,47992.1
 "36000" ,"New York",2,SAEXP1,"Total personal consumption expenditures (PCE) by state","Millions of current dollars",18,"...","   Recreation services",15124.3,16027.4,17702.3,18936.5,19525.0,19669.7,20763.9,22447.2,23577.9,25851.0,27432.7,28467.2,28042.0,29275.0,29933.1,31667.8,32914.2,35568.8,37643.8,39883.8,40187.2,41754.2
 "36000" ,"New York",2,SAEXP1,"Total personal consumption expenditures (PCE) by state","Millions of current dollars",19,"...","   Food services and accommodations",22954.9,24112.1,26123.7,28728.7,28494.8,29290.6,31249.0,33820.8,36309.3,39190.8,41970.2,44060.3,43379.2,46033.2,49342.5,52104.3,54569.3,58899.0,62135.7,65743.3,70210.9,74819.2
 "36000" ,"New York",2,SAEXP1,"Total personal consumption expenditures (PCE) by state","Millions of current dollars",20,"...","   Financial services and insurance",30462.0,33344.4,36747.6,41418.4,39508.1,39878.4,41640.6,45206.8,49561.4,52644.1,55310.0,55675.6,50326.7,52370.3,55408.6,58612.7,63239.9,66856.5,69941.8,70437.8,75715.6,80997.5
 "36000" ,"New York",2,SAEXP1,"Total personal consumption expenditures (PCE) by state","Millions of current dollars",21,"...","   Other services",45006.9,48100.8,49250.2,53427.9,55868.2,56910.8,60896.5,64459.2,68256.6,72637.2,75899.3,77934.5,76810.6,79235.0,81760.7,85195.3,87135.5,93399.4,98114.8,105723.8,108538.7,112475.1
 "36000" ,"New York",2,SAEXP1,"Total personal consumption expenditures (PCE) by state","Millions of current dollars",22,"...","  Final consumption expenditures of nonprofit institutions serving households (NPISHs)",9004.1,11104.3,11930.1,13525.2,15342.7,16902.3,17606.9,18477.2,20097.3,21824.4,22254.9,25847.8,26218.9,26937.5,28444.1,31832.8,32206.0,33572.3,34080.0,36621.1,38115.3,40724.0
 "36000" ,"New York",2,SAEXP1,"Total personal consumption expenditures (PCE) by state","Millions of current dollars",23,"...","   Gross output of nonprofit institutions",44038.0,46161.2,48216.1,51710.3,56268.0,60882.0,64797.0,69986.2,74634.2,79303.1,83705.1,89280.9,93021.1,97158.8,100944.2,106953.8,109556.2,114767.6,117450.0,124791.9,129788.7,136297.5
 "36000" ,"New York",2,SAEXP1,"Total personal consumption expenditures (PCE) by state","Millions of current dollars",24,"...","   Less: Receipts from sales of goods and services by nonprofit institutions",35034.0,35056.9,36286.0,38185.1,40925.2,43979.7,47190.1,51508.9,54536.9,57478.8,61450.2,63433.0,66802.2,70221.3,72500.1,75121.0,77350.2,81195.3,83370.0,88170.8,91673.4,95573.5
"Note: See the included footnote file."
"SAEXP1: Total personal consumption expenditures (PCE) by state 1/"
"Last updated: October 3, 2019-- new PCE by state statistics for 2018; revised statistics for 2014-2017."
"Source: U.S. Department of Commerce / Bureau of Economic Analysis / Regional Economic Accounts"
