GeoFIPS,GeoName,Region,TableName,ComponentName,Unit,Line,IndustryClassification,Description,1997,1998,1999,2000,2001,2002,2003,2004,2005,2006,2007,2008,2009,2010,2011,2012,2013,2014,2015,2016,2017,2018
 "96000" ,"Southwest",6,SAEXP1,"Total personal consumption expenditures (PCE) by state","Millions of current dollars",1,"...","Personal consumption expenditures",558946.6,597462.4,640177.2,692980.3,728204.1,754390.7,791487.6,842431.8,910140.0,974792.7,1029508.4,1067069.8,1060417.8,1103841.6,1167566.4,1221580.7,1263787.3,1332550.7,1384484.0,1436047.7,1504392.8,1590184.1
 "96000" ,"Southwest",6,SAEXP1,"Total personal consumption expenditures (PCE) by state","Millions of current dollars",2,"..."," Goods",210953.9,223606.8,243420.0,263261.8,272784.8,278290.7,291086.0,312919.9,343698.2,368731.8,391176.4,393511.5,372849.4,390622.1,420890.9,442660.5,456444.1,477637.6,482864.6,491013.5,511793.3,538345.6
 "96000" ,"Southwest",6,SAEXP1,"Total personal consumption expenditures (PCE) by state","Millions of current dollars",3,"...","  Durable goods",78885.8,87490.3,96409.2,103852.9,107697.7,111573.9,113661.5,121197.8,129482.0,136792.1,143556.4,133446.3,122223.7,126773.1,134256.4,143676.0,149786.7,157594.7,166369.4,170769.0,177868.2,186557.2
 "96000" ,"Southwest",6,SAEXP1,"Total personal consumption expenditures (PCE) by state","Millions of current dollars",4,"...","   Motor vehicles and parts",36099.0,40296.2,44570.1,47477.7,50976.1,52212.9,51715.2,52612.7,53878.8,54108.8,57004.4,49174.4,44749.0,48421.4,52128.0,59231.3,62620.7,66862.1,71353.7,71532.8,74031.7,77430.3
 "96000" ,"Southwest",6,SAEXP1,"Total personal consumption expenditures (PCE) by state","Millions of current dollars",5,"...","   Furnishings and durable household equipment",16706.2,18259.1,20268.9,22116.0,22523.4,23631.7,24067.7,26180.4,28864.3,31130.4,32145.1,30622.1,27990.6,28233.6,29478.0,30214.6,31533.1,33627.0,36240.9,38127.3,39644.6,42259.4
 "96000" ,"Southwest",6,SAEXP1,"Total personal consumption expenditures (PCE) by state","Millions of current dollars",6,"...","   Recreational goods and vehicles",16708.6,18792.8,20580.9,22311.9,22512.3,23467.7,24732.0,28064.1,31251.0,34128.9,35585.7,34896.3,31150.8,30914.6,31776.3,32538.8,33530.7,34175.1,34806.5,36930.8,39418.4,40622.5
 "96000" ,"Southwest",6,SAEXP1,"Total personal consumption expenditures (PCE) by state","Millions of current dollars",7,"...","   Other durable goods",9372.1,10142.2,10989.3,11947.3,11686.0,12261.6,13146.6,14340.6,15487.9,17424.1,18821.1,18753.6,18333.3,19203.6,20874.1,21691.3,22102.2,22930.5,23968.3,24178.2,24773.5,26245.0
 "96000" ,"Southwest",6,SAEXP1,"Total personal consumption expenditures (PCE) by state","Millions of current dollars",8,"...","  Nondurable goods",132068.1,136116.5,147010.9,159408.9,165087.1,166716.8,177424.5,191722.1,214216.2,231939.7,247620.0,260065.1,250625.7,263849.0,286634.5,298984.5,306657.5,320042.9,316495.2,320244.5,333925.1,351788.4
 "96000" ,"Southwest",6,SAEXP1,"Total personal consumption expenditures (PCE) by state","Millions of current dollars",9,"...","   Food and beverages purchased for off-premises consumption",48607.9,50080.0,53421.9,55802.5,58516.0,59132.8,62182.5,66860.7,72057.7,76933.5,81586.0,85984.2,87048.6,89213.8,93849.7,97967.9,100885.4,106740.3,110011.7,112485.6,116463.5,121181.0
 "96000" ,"Southwest",6,SAEXP1,"Total personal consumption expenditures (PCE) by state","Millions of current dollars",10,"...","   Clothing and footwear",25304.7,26412.3,27787.9,29292.5,29359.1,29632.3,30692.9,31675.0,34162.2,36803.9,37970.6,37440.7,37057.8,38459.0,41062.3,42976.7,43517.6,44374.2,45615.8,46609.6,47089.8,49394.1
 "96000" ,"Southwest",6,SAEXP1,"Total personal consumption expenditures (PCE) by state","Millions of current dollars",11,"...","   Gasoline and other energy goods",17125.3,15395.5,16900.8,21678.5,21538.8,20101.7,23257.7,27834.4,36860.4,38943.9,43297.8,48959.3,36576.7,43081.3,54428.8,57111.6,58108.5,57676.8,43983.7,39088.3,43448.9,49713.3
 "96000" ,"Southwest",6,SAEXP1,"Total personal consumption expenditures (PCE) by state","Millions of current dollars",12,"...","   Other nondurable goods",41030.2,44228.7,48900.3,52635.3,55673.3,57850.0,61291.4,65352.0,71135.9,79258.4,84765.6,87680.9,89942.7,93094.8,97293.7,100928.3,104146.0,111251.6,116883.9,122061.0,126922.9,131500.0
 "96000" ,"Southwest",6,SAEXP1,"Total personal consumption expenditures (PCE) by state","Millions of current dollars",13,"..."," Services",347992.6,373855.6,396757.1,429718.5,455419.2,476100.0,500401.6,529511.8,566441.8,606060.9,638332.0,673558.4,687568.4,713219.5,746675.4,778920.1,807343.1,854913.1,901619.3,945034.2,992599.5,1051838.5
 "96000" ,"Southwest",6,SAEXP1,"Total personal consumption expenditures (PCE) by state","Millions of current dollars",14,"...","  Household consumption expenditures (for services)",340722.6,364838.2,386253.1,417437.3,441185.5,460138.7,483492.7,512291.6,550339.5,587678.5,619775.1,651110.1,664816.1,690442.6,722700.3,752207.4,779755.8,826078.6,872468.7,913288.9,959549.1,1016279.7
 "96000" ,"Southwest",6,SAEXP1,"Total personal consumption expenditures (PCE) by state","Millions of current dollars",15,"...","   Housing and utilities",98724.7,104657.1,109672.3,118017.9,127269.7,131272.5,137911.6,146563.4,158544.4,170667.2,176062.3,184366.6,187928.8,190912.8,197004.2,200935.5,208931.8,220985.6,234233.1,246181.7,259134.8,274969.8
 "96000" ,"Southwest",6,SAEXP1,"Total personal consumption expenditures (PCE) by state","Millions of current dollars",16,"...","   Health care",75130.5,79952.1,83182.1,88863.3,98298.1,108709.1,115961.2,124219.3,134829.7,142067.7,151526.1,162245.2,172602.9,179967.5,186930.4,195599.9,198853.5,209105.9,223618.2,235074.5,244375.4,255166.2
 "96000" ,"Southwest",6,SAEXP1,"Total personal consumption expenditures (PCE) by state","Millions of current dollars",17,"...","   Transportation services",19226.6,21075.0,22859.8,25073.4,24922.3,24064.3,24271.2,24927.5,26384.1,28119.6,29396.9,30484.0,28842.0,29876.9,33015.5,35112.1,37213.4,39765.0,40222.1,41687.6,44146.0,47250.4
 "96000" ,"Southwest",6,SAEXP1,"Total personal consumption expenditures (PCE) by state","Millions of current dollars",18,"...","   Recreation services",20269.3,22158.3,24441.5,26260.2,27497.4,28825.9,30166.9,32110.2,33774.6,36912.9,39854.8,41748.3,42771.7,44787.9,45821.5,49064.6,51203.4,53569.3,56152.4,58965.3,61585.5,64591.4
 "96000" ,"Southwest",6,SAEXP1,"Total personal consumption expenditures (PCE) by state","Millions of current dollars",19,"...","   Food services and accommodations",36380.6,38608.9,41122.7,44713.8,46012.4,47543.1,50358.9,54374.3,59270.8,64634.1,68674.0,71770.5,72687.2,75489.9,80387.0,85463.1,89483.4,95592.6,102480.3,106354.9,111283.5,119103.8
 "96000" ,"Southwest",6,SAEXP1,"Total personal consumption expenditures (PCE) by state","Millions of current dollars",20,"...","   Financial services and insurance",49913.4,52012.8,55109.8,60073.4,58230.8,58320.8,60254.8,63093.9,67869.0,70457.1,74698.2,77671.0,75333.3,83037.6,89696.2,93448.4,99441.8,107306.5,113734.8,118464.5,127203.9,136485.6
 "96000" ,"Southwest",6,SAEXP1,"Total personal consumption expenditures (PCE) by state","Millions of current dollars",21,"...","   Other services",41077.5,46374.0,49864.8,54435.3,58954.9,61403.0,64568.2,67003.1,69666.9,74819.8,79562.9,82824.5,84650.2,86369.9,89845.5,92583.9,94628.5,99753.6,102027.7,106560.5,111820.1,118712.5
 "96000" ,"Southwest",6,SAEXP1,"Total personal consumption expenditures (PCE) by state","Millions of current dollars",22,"...","  Final consumption expenditures of nonprofit institutions serving households (NPISHs)",7270.1,9017.3,10504.1,12281.2,14233.7,15961.3,16908.9,17220.2,16102.3,18382.4,18556.9,22448.3,22752.3,22777.0,23975.1,26712.7,27587.3,28834.6,29150.7,31745.2,33050.3,35558.8
 "96000" ,"Southwest",6,SAEXP1,"Total personal consumption expenditures (PCE) by state","Millions of current dollars",23,"...","   Gross output of nonprofit institutions",42011.0,46548.2,49930.1,54138.3,59256.0,64885.0,69852.0,74703.2,79304.2,85414.1,89527.1,96091.7,100628.0,104729.1,108559.6,114461.0,117962.3,124582.9,131414.6,139350.8,144930.6,152198.7
 "96000" ,"Southwest",6,SAEXP1,"Total personal consumption expenditures (PCE) by state","Millions of current dollars",24,"...","   Less: Receipts from sales of goods and services by nonprofit institutions",34741.0,37530.9,39426.0,41857.1,45022.3,48923.7,52943.1,57482.9,63201.9,67031.7,70970.2,73643.4,77875.8,81952.1,84584.4,87748.2,90374.9,95748.4,102264.0,107605.5,111880.2,116639.9
"Note: See the included footnote file."
"SAEXP1: Total personal consumption expenditures (PCE) by state 1/"
"Last updated: October 3, 2019-- new PCE by state statistics for 2018; revised statistics for 2014-2017."
"Source: U.S. Department of Commerce / Bureau of Economic Analysis / Regional Economic Accounts"
