GeoFIPS,GeoName,Region,TableName,ComponentName,Unit,Line,IndustryClassification,Description,1997,1998,1999,2000,2001,2002,2003,2004,2005,2006,2007,2008,2009,2010,2011,2012,2013,2014,2015,2016,2017,2018
 "92000" ,"Mideast",2,SAEXP1,"Total personal consumption expenditures (PCE) by state","Millions of current dollars",1,"...","Personal consumption expenditures",1011821.0,1070029.3,1137444.4,1221955.0,1281280.4,1333677.0,1408977.0,1492350.8,1582926.4,1667241.0,1740937.9,1790681.3,1770156.1,1828914.3,1901821.4,1955380.6,2012235.0,2098140.9,2168716.9,2241141.1,2328038.5,2443375.0
 "92000" ,"Mideast",2,SAEXP1,"Total personal consumption expenditures (PCE) by state","Millions of current dollars",2,"..."," Goods",337785.9,352419.6,379812.6,405808.7,422410.5,438195.6,462450.3,487134.9,511562.2,531773.4,548335.7,548372.0,523256.0,545436.4,574120.7,586567.2,602089.7,621639.3,630358.6,639609.2,662263.1,692420.6
 "92000" ,"Mideast",2,SAEXP1,"Total personal consumption expenditures (PCE) by state","Millions of current dollars",3,"...","  Durable goods",109433.4,118348.3,129522.4,138292.5,145181.2,154519.3,161944.8,170156.9,174518.7,177411.7,181300.2,170012.3,158670.5,164382.6,170724.5,175203.8,180932.0,186687.5,192944.3,197499.9,204336.3,212271.3
 "92000" ,"Mideast",2,SAEXP1,"Total personal consumption expenditures (PCE) by state","Millions of current dollars",4,"...","   Motor vehicles and parts",41122.6,44345.9,48132.5,50352.8,53788.2,57522.4,59235.6,60475.7,58954.2,55617.0,56768.6,49195.5,47058.3,51379.4,54363.1,57803.0,60164.4,62721.8,65951.3,66743.0,68652.1,71237.3
 "92000" ,"Mideast",2,SAEXP1,"Total personal consumption expenditures (PCE) by state","Millions of current dollars",5,"...","   Furnishings and durable household equipment",25403.4,27307.7,30323.3,33168.4,34872.6,36916.8,39035.7,41689.0,44007.7,45963.2,45999.2,44077.8,39909.0,40458.4,41388.1,42068.3,43346.2,44607.3,46767.5,48916.6,51302.5,53429.3
 "92000" ,"Mideast",2,SAEXP1,"Total personal consumption expenditures (PCE) by state","Millions of current dollars",6,"...","   Recreational goods and vehicles",27431.0,29997.9,32654.6,34889.0,36695.5,39062.8,41311.2,44213.0,46591.9,48899.6,50153.6,48818.7,44800.0,44562.5,44947.8,44783.6,45838.1,46605.5,46886.3,48455.6,50557.6,51849.6
 "92000" ,"Mideast",2,SAEXP1,"Total personal consumption expenditures (PCE) by state","Millions of current dollars",7,"...","   Other durable goods",15476.3,16696.8,18412.0,19882.2,19824.9,21017.3,22362.3,23779.1,24964.9,26931.9,28378.9,27920.2,26903.2,27982.2,30025.5,30548.9,31583.2,32752.9,33339.1,33384.7,33824.1,35755.1
 "92000" ,"Mideast",2,SAEXP1,"Total personal consumption expenditures (PCE) by state","Millions of current dollars",8,"...","  Nondurable goods",228352.6,234071.3,250290.3,267516.2,277229.3,283676.3,300505.6,316978.0,337043.5,354361.7,367035.5,378359.6,364585.5,381053.8,403396.2,411363.4,421157.7,434951.8,437414.4,442109.3,457926.8,480149.3
 "92000" ,"Mideast",2,SAEXP1,"Total personal consumption expenditures (PCE) by state","Millions of current dollars",9,"...","   Food and beverages purchased for off-premises consumption",76215.2,77150.7,81314.3,85204.3,89820.4,92366.2,97632.5,101511.2,107064.5,111289.1,116178.1,121140.5,121477.9,124802.6,129178.4,132510.7,135215.6,139126.0,141760.9,143698.5,147380.7,153027.6
 "92000" ,"Mideast",2,SAEXP1,"Total personal consumption expenditures (PCE) by state","Millions of current dollars",10,"...","   Clothing and footwear",50166.4,51855.4,54868.6,56789.3,55740.7,55951.0,57075.9,58566.4,60636.9,62675.8,62970.5,61675.2,59093.9,61772.1,65583.5,67641.1,69670.1,71521.0,72035.7,72616.5,72405.7,74707.3
 "92000" ,"Mideast",2,SAEXP1,"Total personal consumption expenditures (PCE) by state","Millions of current dollars",11,"...","   Gasoline and other energy goods",20781.3,17973.0,19527.4,24505.1,23918.2,22512.5,26984.3,32213.6,38716.8,43511.1,47051.0,53372.8,39774.5,45893.4,55468.0,55495.9,54776.8,52581.7,40703.3,35785.7,39296.2,44465.3
 "92000" ,"Mideast",2,SAEXP1,"Total personal consumption expenditures (PCE) by state","Millions of current dollars",12,"...","   Other nondurable goods",81189.6,87092.2,94579.9,101017.5,107750.0,112846.6,118812.9,124686.9,130625.3,136885.7,140835.9,142171.1,144239.2,148585.7,153166.3,155715.7,161495.3,171723.1,182914.5,190008.6,198844.2,207949.1
 "92000" ,"Mideast",2,SAEXP1,"Total personal consumption expenditures (PCE) by state","Millions of current dollars",13,"..."," Services",674035.1,717609.7,757631.8,816146.4,858869.9,895481.5,946526.7,1005216.0,1071364.2,1135467.6,1192602.2,1242309.3,1246900.0,1283478.0,1327700.7,1368813.4,1410145.3,1476501.6,1538358.3,1601531.9,1665775.4,1750954.4
 "92000" ,"Mideast",2,SAEXP1,"Total personal consumption expenditures (PCE) by state","Millions of current dollars",14,"...","  Household consumption expenditures (for services)",649175.9,687983.9,725366.5,779790.8,817816.6,850302.8,898599.0,955596.4,1017685.4,1075828.7,1130843.4,1171605.8,1175576.3,1210231.3,1250781.4,1285602.8,1325136.2,1388341.8,1448834.3,1506093.5,1566450.6,1645021.8
 "92000" ,"Mideast",2,SAEXP1,"Total personal consumption expenditures (PCE) by state","Millions of current dollars",15,"...","   Housing and utilities",185834.7,194728.6,205436.3,217703.5,233380.3,241292.8,252046.8,264875.3,284741.6,300843.1,316457.6,330230.1,336280.9,340492.9,350199.5,357143.2,368520.8,385520.4,403949.3,419077.0,434304.2,452020.1
 "92000" ,"Mideast",2,SAEXP1,"Total personal consumption expenditures (PCE) by state","Millions of current dollars",16,"...","   Health care",150113.8,157667.0,163367.9,172407.8,186221.5,200951.4,214220.0,229180.7,241074.2,251834.1,264908.8,275923.9,288762.0,299211.5,308046.5,316472.2,322838.4,335950.0,350195.9,365331.5,379173.0,400092.9
 "92000" ,"Mideast",2,SAEXP1,"Total personal consumption expenditures (PCE) by state","Millions of current dollars",17,"...","   Transportation services",44443.1,47511.1,50396.9,54443.3,55251.6,53865.7,55674.7,58600.6,60928.2,63778.4,65469.9,66925.4,65342.3,67159.9,71779.6,74084.2,78074.2,82541.2,85563.2,88795.8,92260.9,96053.6
 "92000" ,"Mideast",2,SAEXP1,"Total personal consumption expenditures (PCE) by state","Millions of current dollars",18,"...","   Recreation services",38738.2,40927.8,44000.1,47073.2,49071.9,51038.4,54372.4,58227.6,61402.7,66152.6,70612.6,73819.4,74138.8,76743.8,77856.2,81590.8,84764.1,88130.8,92300.1,96712.9,98067.2,101914.3
 "92000" ,"Mideast",2,SAEXP1,"Total personal consumption expenditures (PCE) by state","Millions of current dollars",19,"...","   Food services and accommodations",55436.3,57799.7,61112.4,66145.0,67419.4,70007.4,74015.3,79527.3,84932.7,90934.3,96394.4,100007.5,98853.2,103614.1,109276.9,114795.7,119533.7,126604.6,133322.6,139340.8,146819.4,155989.2
 "92000" ,"Mideast",2,SAEXP1,"Total personal consumption expenditures (PCE) by state","Millions of current dollars",20,"...","   Financial services and insurance",74955.3,81907.9,89824.0,101026.1,97180.0,98701.8,103444.5,112518.5,122939.2,129939.0,136327.2,138921.8,127417.5,133386.4,139890.3,142697.1,149610.5,157142.0,163163.9,163161.1,173478.1,184969.3
 "92000" ,"Mideast",2,SAEXP1,"Total personal consumption expenditures (PCE) by state","Millions of current dollars",21,"...","   Other services",99654.5,107441.8,111228.9,120992.0,129291.8,134445.3,144825.3,152666.5,161666.7,172347.3,180672.9,185777.8,184781.6,189622.8,193732.5,198819.6,201794.5,212452.8,220339.1,233674.4,242347.8,253982.4
 "92000" ,"Mideast",2,SAEXP1,"Total personal consumption expenditures (PCE) by state","Millions of current dollars",22,"...","  Final consumption expenditures of nonprofit institutions serving households (NPISHs)",24859.2,29625.8,32265.2,36355.5,41053.3,45178.7,47927.7,49619.6,53678.8,59638.9,61758.8,70703.5,71323.8,73246.7,76919.3,83210.5,85009.1,88159.8,89524.0,95438.4,99324.9,105932.5
 "92000" ,"Mideast",2,SAEXP1,"Total personal consumption expenditures (PCE) by state","Millions of current dollars",23,"...","   Gross output of nonprofit institutions",109121.1,116736.4,122779.2,131584.7,143215.9,155811.1,165843.0,177560.4,189698.5,202731.4,212672.3,225467.1,232960.2,241175.3,248927.6,259974.7,266536.2,277058.7,286103.7,301122.3,313179.7,328885.4
 "92000" ,"Mideast",2,SAEXP1,"Total personal consumption expenditures (PCE) by state","Millions of current dollars",24,"...","   Less: Receipts from sales of goods and services by nonprofit institutions",84261.9,87110.7,90514.0,95229.2,102162.6,110632.4,117915.3,127940.8,136019.8,143092.4,150913.4,154763.6,161636.4,167928.6,172008.3,176764.2,181527.1,188898.9,196579.7,205683.9,213854.8,222952.8
"Note: See the included footnote file."
"SAEXP1: Total personal consumption expenditures (PCE) by state 1/"
"Last updated: October 3, 2019-- new PCE by state statistics for 2018; revised statistics for 2014-2017."
"Source: U.S. Department of Commerce / Bureau of Economic Analysis / Regional Economic Accounts"
