GeoFIPS,GeoName,Region,TableName,ComponentName,Unit,Line,IndustryClassification,Description,1997,1998,1999,2000,2001,2002,2003,2004,2005,2006,2007,2008,2009,2010,2011,2012,2013,2014,2015,2016,2017,2018
 "44000" ,"Rhode Island",1,SAEXP1,"Total personal consumption expenditures (PCE) by state","Millions of current dollars",1,"...","Personal consumption expenditures",20605.1,21594.8,22874.8,25120.0,26334.5,27875.5,29896.1,31706.6,33605.1,34961.9,36169.5,36994.6,36555.7,37392.6,38483.1,39218.1,40109.9,41687.4,43185.3,44283.4,45710.0,47731.3
 "44000" ,"Rhode Island",1,SAEXP1,"Total personal consumption expenditures (PCE) by state","Millions of current dollars",2,"..."," Goods",6404.6,6575.8,7294.3,8183.1,8455.9,9012.4,9661.8,10184.7,10743.1,10875.9,10972.7,10819.0,10286.6,10604.4,10971.6,11197.2,11448.4,11934.8,12167.4,12482.2,13113.0,13808.2
 "44000" ,"Rhode Island",1,SAEXP1,"Total personal consumption expenditures (PCE) by state","Millions of current dollars",3,"...","  Durable goods",1835.4,1970.8,2227.7,2510.4,2635.2,2920.9,3125.2,3268.6,3355.1,3368.6,3300.0,3014.9,2842.7,2932.2,3014.7,3078.4,3189.2,3350.5,3504.4,3626.0,3793.9,3944.0
 "44000" ,"Rhode Island",1,SAEXP1,"Total personal consumption expenditures (PCE) by state","Millions of current dollars",4,"...","   Motor vehicles and parts",749.5,835.0,930.7,1042.5,1108.5,1230.6,1299.4,1275.4,1249.7,1155.4,1132.3,958.8,938.2,999.7,1023.8,1047.3,1104.7,1193.0,1235.1,1235.9,1283.7,1356.0
 "44000" ,"Rhode Island",1,SAEXP1,"Total personal consumption expenditures (PCE) by state","Millions of current dollars",5,"...","   Furnishings and durable household equipment",405.3,428.5,485.2,557.4,581.3,662.9,706.0,760.5,788.6,809.7,778.1,718.6,646.9,652.8,667.7,693.1,712.2,749.1,789.7,851.3,933.9,983.9
 "44000" ,"Rhode Island",1,SAEXP1,"Total personal consumption expenditures (PCE) by state","Millions of current dollars",6,"...","   Recreational goods and vehicles",437.4,449.8,516.4,572.7,618.9,679.5,732.8,808.1,871.6,916.4,876.2,836.1,777.7,774.7,788.2,786.4,805.9,807.9,829.9,867.9,882.3,883.7
 "44000" ,"Rhode Island",1,SAEXP1,"Total personal consumption expenditures (PCE) by state","Millions of current dollars",7,"...","   Other durable goods",243.2,257.5,295.4,337.8,326.6,347.9,387.1,424.6,445.2,487.1,513.5,501.3,479.8,505.0,535.1,551.6,566.3,600.5,649.7,670.9,694.1,720.4
 "44000" ,"Rhode Island",1,SAEXP1,"Total personal consumption expenditures (PCE) by state","Millions of current dollars",8,"...","  Nondurable goods",4569.1,4605.0,5066.6,5672.7,5820.6,6091.5,6536.6,6916.1,7388.0,7507.2,7672.7,7804.1,7444.0,7672.2,7956.9,8118.8,8259.2,8584.3,8663.0,8856.3,9319.1,9864.2
 "44000" ,"Rhode Island",1,SAEXP1,"Total personal consumption expenditures (PCE) by state","Millions of current dollars",9,"...","   Food and beverages purchased for off-premises consumption",1707.6,1724.7,1840.0,2001.7,2037.5,2161.2,2248.9,2340.7,2436.0,2535.6,2642.0,2690.6,2675.3,2704.6,2770.1,2834.3,2882.2,2977.3,3025.6,3077.4,3149.2,3312.1
 "44000" ,"Rhode Island",1,SAEXP1,"Total personal consumption expenditures (PCE) by state","Millions of current dollars",10,"...","   Clothing and footwear",761.2,773.6,860.5,951.1,914.9,934.7,971.5,1029.4,1050.9,1084.1,973.6,934.4,853.4,875.8,902.6,954.4,956.1,978.8,992.7,995.4,986.7,1025.7
 "44000" ,"Rhode Island",1,SAEXP1,"Total personal consumption expenditures (PCE) by state","Millions of current dollars",11,"...","   Gasoline and other energy goods",534.2,464.6,501.9,622.9,624.5,605.6,793.4,883.5,1022.8,1027.7,1053.4,1195.1,880.2,958.9,1140.9,1109.7,1115.3,1092.4,840.4,741.2,807.2,898.5
 "44000" ,"Rhode Island",1,SAEXP1,"Total personal consumption expenditures (PCE) by state","Millions of current dollars",12,"...","   Other nondurable goods",1566.2,1642.1,1864.1,2097.0,2243.7,2390.0,2522.8,2662.4,2878.3,2859.9,3003.7,2984.0,3035.0,3132.9,3143.4,3220.4,3305.6,3535.7,3804.3,4042.3,4376.0,4627.9
 "44000" ,"Rhode Island",1,SAEXP1,"Total personal consumption expenditures (PCE) by state","Millions of current dollars",13,"..."," Services",14200.5,15019.0,15580.4,16937.0,17878.6,18863.0,20234.2,21521.9,22862.1,24086.1,25196.7,26175.7,26269.0,26788.3,27511.5,28020.9,28661.5,29752.6,31018.0,31801.2,32597.0,33923.0
 "44000" ,"Rhode Island",1,SAEXP1,"Total personal consumption expenditures (PCE) by state","Millions of current dollars",14,"...","  Household consumption expenditures (for services)",13473.5,14146.0,14680.4,15932.9,16784.6,17658.0,18933.2,20203.9,21460.0,22564.0,23592.7,24450.3,24575.1,25120.0,25799.0,26233.0,26798.7,27876.9,29109.0,29807.5,30522.4,31716.5
 "44000" ,"Rhode Island",1,SAEXP1,"Total personal consumption expenditures (PCE) by state","Millions of current dollars",15,"...","   Housing and utilities",4067.5,4254.0,4483.5,4785.6,5155.1,5305.9,5592.2,5906.9,6392.7,6828.4,7137.5,7540.9,7626.4,7645.9,7820.9,7930.8,8122.4,8413.9,8861.8,9039.6,9227.9,9540.5
 "44000" ,"Rhode Island",1,SAEXP1,"Total personal consumption expenditures (PCE) by state","Millions of current dollars",16,"...","   Health care",3521.0,3697.6,3608.5,3853.8,4057.6,4444.2,4742.0,5126.4,5427.2,5705.4,6004.4,6283.4,6520.9,6672.7,6819.2,6961.7,7015.4,7309.8,7603.7,7695.7,7775.3,7940.1
 "44000" ,"Rhode Island",1,SAEXP1,"Total personal consumption expenditures (PCE) by state","Millions of current dollars",17,"...","   Transportation services",589.5,638.0,679.0,772.5,797.8,765.7,842.5,895.4,951.6,950.0,974.4,966.5,939.2,955.7,1019.0,1042.6,1096.9,1143.0,1192.6,1241.9,1292.7,1363.9
 "44000" ,"Rhode Island",1,SAEXP1,"Total personal consumption expenditures (PCE) by state","Millions of current dollars",18,"...","   Recreation services",699.5,714.5,743.4,830.4,890.7,915.7,997.5,1073.5,1165.7,1268.6,1349.6,1429.3,1449.3,1516.0,1519.8,1576.8,1629.5,1697.5,1747.5,1811.4,1874.0,1908.1
 "44000" ,"Rhode Island",1,SAEXP1,"Total personal consumption expenditures (PCE) by state","Millions of current dollars",19,"...","   Food services and accommodations",1340.9,1371.8,1524.7,1684.0,1755.9,1878.2,2017.3,2134.4,2219.9,2292.5,2362.7,2393.9,2368.2,2475.9,2590.8,2719.1,2837.6,3004.0,3208.9,3377.9,3515.4,3740.0
 "44000" ,"Rhode Island",1,SAEXP1,"Total personal consumption expenditures (PCE) by state","Millions of current dollars",20,"...","   Financial services and insurance",1328.9,1440.8,1581.9,1785.7,1740.5,1825.1,1965.5,2147.3,2293.5,2360.2,2417.0,2441.3,2273.8,2412.1,2532.1,2567.2,2639.5,2759.8,2889.5,2918.1,3074.0,3283.7
 "44000" ,"Rhode Island",1,SAEXP1,"Total personal consumption expenditures (PCE) by state","Millions of current dollars",21,"...","   Other services",1926.3,2029.3,2059.4,2221.0,2387.2,2523.2,2776.4,2920.0,3009.3,3158.9,3347.2,3395.1,3397.2,3441.6,3497.1,3434.7,3457.4,3548.8,3605.0,3723.0,3763.1,3940.2
 "44000" ,"Rhode Island",1,SAEXP1,"Total personal consumption expenditures (PCE) by state","Millions of current dollars",22,"...","  Final consumption expenditures of nonprofit institutions serving households (NPISHs)",727.0,873.0,900.0,1004.0,1094.0,1205.0,1301.0,1318.0,1402.0,1522.0,1604.0,1725.3,1693.9,1668.3,1712.5,1788.0,1862.9,1875.7,1909.0,1993.6,2074.6,2206.5
 "44000" ,"Rhode Island",1,SAEXP1,"Total personal consumption expenditures (PCE) by state","Millions of current dollars",23,"...","   Gross output of nonprofit institutions",2400.0,2623.0,2680.0,2861.0,3055.0,3328.0,3600.0,3776.0,3940.0,4193.0,4389.0,4591.2,4669.5,4754.7,4868.9,5012.4,5181.4,5246.0,5404.7,5527.2,5748.5,6036.8
 "44000" ,"Rhode Island",1,SAEXP1,"Total personal consumption expenditures (PCE) by state","Millions of current dollars",24,"...","   Less: Receipts from sales of goods and services by nonprofit institutions",1673.0,1750.0,1780.0,1857.0,1961.0,2123.0,2299.0,2458.0,2538.0,2671.0,2785.0,2865.9,2975.5,3086.4,3156.4,3224.4,3318.5,3370.3,3495.8,3533.6,3674.0,3830.3
"Note: See the included footnote file."
"SAEXP1: Total personal consumption expenditures (PCE) by state 1/"
"Last updated: October 3, 2019-- new PCE by state statistics for 2018; revised statistics for 2014-2017."
"Source: U.S. Department of Commerce / Bureau of Economic Analysis / Regional Economic Accounts"
