GeoFIPS,GeoName,Region,TableName,ComponentName,Unit,Line,IndustryClassification,Description,1997,1998,1999,2000,2001,2002,2003,2004,2005,2006,2007,2008,2009,2010,2011,2012,2013,2014,2015,2016,2017,2018
 "15000" ,"Hawaii",8,SAEXP1,"Total personal consumption expenditures (PCE) by state","Millions of current dollars",1,"...","Personal consumption expenditures",25888.4,26480.1,27473.0,29315.1,30507.9,31692.0,33813.0,36309.7,39558.9,42367.7,44386.0,46601.1,46360.6,48196.8,50614.7,53034.4,54875.7,57788.0,60111.4,62838.7,65911.0,69262.3
 "15000" ,"Hawaii",8,SAEXP1,"Total personal consumption expenditures (PCE) by state","Millions of current dollars",2,"..."," Goods",8877.8,8792.4,9365.1,9968.7,10434.9,10835.6,11599.4,12710.5,13772.4,14593.8,15134.7,15430.4,15093.5,15531.0,16292.0,16858.6,17428.0,18152.8,18467.8,19166.5,20130.3,21211.9
 "15000" ,"Hawaii",8,SAEXP1,"Total personal consumption expenditures (PCE) by state","Millions of current dollars",3,"...","  Durable goods",2702.0,2748.3,3013.3,3282.2,3519.7,3848.9,4280.8,4738.7,5085.0,5279.1,5362.6,5125.1,4767.7,4827.0,5062.2,5362.9,5597.4,5842.2,6066.4,6359.8,6742.2,7089.0
 "15000" ,"Hawaii",8,SAEXP1,"Total personal consumption expenditures (PCE) by state","Millions of current dollars",4,"...","   Motor vehicles and parts",886.5,932.2,1045.1,1161.8,1265.8,1471.2,1675.2,1746.4,1746.8,1675.6,1622.0,1348.9,1207.3,1237.4,1329.3,1433.8,1536.6,1622.5,1741.0,1786.4,1844.1,1882.2
 "15000" ,"Hawaii",8,SAEXP1,"Total personal consumption expenditures (PCE) by state","Millions of current dollars",5,"...","   Furnishings and durable household equipment",616.1,615.6,670.3,721.9,795.9,851.8,954.5,1081.1,1218.5,1261.8,1267.9,1220.6,1113.1,1116.1,1132.6,1162.6,1202.6,1262.0,1325.9,1396.1,1479.1,1553.3
 "15000" ,"Hawaii",8,SAEXP1,"Total personal consumption expenditures (PCE) by state","Millions of current dollars",6,"...","   Recreational goods and vehicles",756.4,769.6,850.2,932.7,1019.0,1099.2,1185.6,1397.5,1539.1,1701.5,1797.5,1875.9,1796.7,1776.6,1795.0,1908.2,1977.8,2049.1,2080.1,2241.9,2447.2,2577.1
 "15000" ,"Hawaii",8,SAEXP1,"Total personal consumption expenditures (PCE) by state","Millions of current dollars",7,"...","   Other durable goods",443.0,430.8,447.7,465.8,438.9,426.7,465.5,513.6,580.5,640.2,675.2,679.6,650.7,696.9,805.4,858.3,880.4,908.6,919.5,935.4,971.8,1076.4
 "15000" ,"Hawaii",8,SAEXP1,"Total personal consumption expenditures (PCE) by state","Millions of current dollars",8,"...","  Nondurable goods",6175.8,6044.2,6351.8,6686.5,6915.2,6986.8,7318.6,7971.9,8687.4,9314.7,9772.1,10305.4,10325.8,10704.1,11229.8,11495.8,11830.6,12310.6,12401.4,12806.7,13388.1,14122.9
 "15000" ,"Hawaii",8,SAEXP1,"Total personal consumption expenditures (PCE) by state","Millions of current dollars",9,"...","   Food and beverages purchased for off-premises consumption",2620.5,2575.6,2695.3,2816.3,2986.3,3061.5,3135.8,3340.3,3610.3,3832.4,4025.2,4227.6,4445.0,4552.6,4759.5,4800.0,5015.8,5204.9,5340.7,5527.9,5838.3,6172.1
 "15000" ,"Hawaii",8,SAEXP1,"Total personal consumption expenditures (PCE) by state","Millions of current dollars",10,"...","   Clothing and footwear",987.4,920.5,911.0,919.3,876.6,806.6,830.2,874.9,954.2,981.3,980.1,977.9,940.2,999.3,1095.8,1175.4,1165.6,1222.1,1234.6,1260.0,1240.1,1371.6
 "15000" ,"Hawaii",8,SAEXP1,"Total personal consumption expenditures (PCE) by state","Millions of current dollars",11,"...","   Gasoline and other energy goods",515.5,453.5,483.9,590.3,540.8,512.6,593.7,711.5,850.0,996.3,1056.6,1209.3,876.9,1002.1,1163.4,1153.4,1095.0,1015.6,743.4,711.0,787.6,898.0
 "15000" ,"Hawaii",8,SAEXP1,"Total personal consumption expenditures (PCE) by state","Millions of current dollars",12,"...","   Other nondurable goods",2052.4,2094.6,2261.6,2360.5,2511.4,2606.0,2758.8,3045.1,3273.0,3504.7,3710.2,3890.5,4063.7,4150.1,4211.0,4367.0,4554.2,4868.0,5082.7,5307.8,5522.1,5681.2
 "15000" ,"Hawaii",8,SAEXP1,"Total personal consumption expenditures (PCE) by state","Millions of current dollars",13,"..."," Services",17010.6,17687.7,18108.0,19346.4,20073.0,20856.4,22213.6,23599.2,25786.5,27773.9,29251.3,31170.7,31267.1,32665.8,34322.7,36175.7,37447.7,39635.2,41643.5,43672.2,45780.7,48050.4
 "15000" ,"Hawaii",8,SAEXP1,"Total personal consumption expenditures (PCE) by state","Millions of current dollars",14,"...","  Household consumption expenditures (for services)",16168.6,16704.7,17163.0,18275.4,18922.0,19586.3,20827.6,22169.2,24173.5,25846.9,27305.3,29000.3,29143.0,30537.1,32127.6,33753.6,35023.9,37046.4,39010.4,40803.3,42795.3,44873.0
 "15000" ,"Hawaii",8,SAEXP1,"Total personal consumption expenditures (PCE) by state","Millions of current dollars",15,"...","   Housing and utilities",4739.6,4992.2,5264.4,5635.4,6004.3,6237.6,6494.2,6889.0,7438.5,8044.6,8538.4,9293.2,9522.8,10085.0,10731.5,11215.9,11671.1,12337.9,13000.5,13586.5,14137.4,14634.4
 "15000" ,"Hawaii",8,SAEXP1,"Total personal consumption expenditures (PCE) by state","Millions of current dollars",16,"...","   Health care",3826.7,3869.6,3885.6,3991.6,4282.1,4541.8,4983.2,5155.2,5695.1,5906.1,6297.0,6710.8,6917.7,6956.0,7047.8,7431.0,7590.4,7992.0,8579.3,9198.3,9745.0,10317.8
 "15000" ,"Hawaii",8,SAEXP1,"Total personal consumption expenditures (PCE) by state","Millions of current dollars",17,"...","   Transportation services",868.7,917.9,944.5,1078.9,1017.1,1018.2,1076.6,1175.5,1269.3,1329.0,1328.6,1368.5,1295.9,1375.2,1550.8,1660.1,1780.5,1851.3,1870.7,1983.9,2097.5,2227.5
 "15000" ,"Hawaii",8,SAEXP1,"Total personal consumption expenditures (PCE) by state","Millions of current dollars",18,"...","   Recreation services",916.0,907.1,910.4,987.8,997.5,1008.8,1053.2,1149.3,1244.1,1325.6,1388.9,1468.8,1463.7,1545.7,1573.3,1800.9,1920.4,1994.8,2033.3,2056.6,2126.8,2188.9
 "15000" ,"Hawaii",8,SAEXP1,"Total personal consumption expenditures (PCE) by state","Millions of current dollars",19,"...","   Food services and accommodations",1350.6,1326.1,1337.1,1473.2,1437.8,1481.1,1624.3,1831.5,2009.5,2182.3,2285.0,2291.6,2216.0,2353.7,2548.1,2784.0,2929.5,3113.8,3306.8,3491.8,3703.9,3870.5
 "15000" ,"Hawaii",8,SAEXP1,"Total personal consumption expenditures (PCE) by state","Millions of current dollars",20,"...","   Financial services and insurance",1817.6,1924.2,2041.3,2246.0,2207.7,2238.9,2328.3,2498.8,2763.2,2968.2,3219.3,3439.9,3390.3,3764.1,4040.9,4070.5,4213.5,4533.0,4786.4,4918.9,5171.7,5527.5
 "15000" ,"Hawaii",8,SAEXP1,"Total personal consumption expenditures (PCE) by state","Millions of current dollars",21,"...","   Other services",2649.3,2767.4,2779.7,2862.5,2975.4,3059.9,3267.7,3469.8,3753.9,4091.1,4248.2,4427.4,4336.5,4457.4,4635.3,4791.1,4918.4,5223.5,5433.5,5567.4,5812.9,6106.3
 "15000" ,"Hawaii",8,SAEXP1,"Total personal consumption expenditures (PCE) by state","Millions of current dollars",22,"...","  Final consumption expenditures of nonprofit institutions serving households (NPISHs)",842.0,983.0,945.0,1071.0,1151.0,1270.0,1386.0,1430.0,1613.0,1927.0,1946.0,2170.4,2124.1,2128.7,2195.1,2422.2,2423.8,2588.8,2633.1,2868.9,2985.4,3177.4
 "15000" ,"Hawaii",8,SAEXP1,"Total personal consumption expenditures (PCE) by state","Millions of current dollars",23,"...","   Gross output of nonprofit institutions",2701.0,2946.0,2903.0,3128.0,3302.0,3568.0,3810.0,4034.0,4475.0,5015.0,5163.0,5549.1,5722.7,5919.1,6175.7,6644.8,6796.8,7248.2,7631.2,8210.8,8539.5,8967.8
 "15000" ,"Hawaii",8,SAEXP1,"Total personal consumption expenditures (PCE) by state","Millions of current dollars",24,"...","   Less: Receipts from sales of goods and services by nonprofit institutions",1859.0,1963.0,1958.0,2057.0,2151.0,2298.0,2424.0,2604.0,2862.0,3088.0,3217.0,3378.8,3598.5,3790.4,3980.6,4222.7,4373.0,4659.4,4998.1,5341.9,5554.1,5790.4
"Note: See the included footnote file."
"SAEXP1: Total personal consumption expenditures (PCE) by state 1/"
"Last updated: October 3, 2019-- new PCE by state statistics for 2018; revised statistics for 2014-2017."
"Source: U.S. Department of Commerce / Bureau of Economic Analysis / Regional Economic Accounts"
