GeoFIPS,GeoName,Region,TableName,ComponentName,Unit,Line,IndustryClassification,Description,1997,1998,1999,2000,2001,2002,2003,2004,2005,2006,2007,2008,2009,2010,2011,2012,2013,2014,2015,2016,2017,2018
 "45000" ,"South Carolina",5,SAEXP1,"Total personal consumption expenditures (PCE) by state","Millions of current dollars",1,"...","Personal consumption expenditures",66902.6,71108.5,76268.5,81492.0,84606.4,88171.5,93124.7,99820.0,107016.3,114139.8,120671.2,125313.1,123775.0,129331.3,134637.8,138760.6,143843.4,150305.7,155833.3,162262.6,168898.9,176365.0
 "45000" ,"South Carolina",5,SAEXP1,"Total personal consumption expenditures (PCE) by state","Millions of current dollars",2,"..."," Goods",27197.1,28678.6,31546.8,33459.7,33778.6,34631.1,36685.0,39790.3,43074.4,45789.8,47838.5,48512.7,45950.7,48736.8,51492.9,53147.6,54955.8,56768.1,56825.0,57992.0,60005.2,62734.5
 "45000" ,"South Carolina",5,SAEXP1,"Total personal consumption expenditures (PCE) by state","Millions of current dollars",3,"...","  Durable goods",9295.9,10167.6,11281.6,11818.0,11743.3,12148.9,12699.3,13618.1,14422.8,15066.3,15684.8,14296.9,13014.4,13765.7,14165.9,14834.3,15703.5,16407.6,17359.0,18181.5,18858.0,19351.5
 "45000" ,"South Carolina",5,SAEXP1,"Total personal consumption expenditures (PCE) by state","Millions of current dollars",4,"...","   Motor vehicles and parts",4147.8,4538.1,5000.2,5202.6,5220.6,5524.6,5539.2,5528.8,5599.6,5552.0,5754.0,4826.4,4409.7,4932.1,5156.2,5619.9,5987.7,6248.2,6730.1,6965.2,7215.5,7338.8
 "45000" ,"South Carolina",5,SAEXP1,"Total personal consumption expenditures (PCE) by state","Millions of current dollars",5,"...","   Furnishings and durable household equipment",2199.3,2388.9,2663.1,2844.6,2746.1,2780.9,2944.7,3317.6,3583.1,3847.7,3868.4,3505.5,3061.2,3112.1,3135.6,3247.3,3450.0,3652.8,3860.6,4107.2,4325.1,4518.3
 "45000" ,"South Carolina",5,SAEXP1,"Total personal consumption expenditures (PCE) by state","Millions of current dollars",6,"...","   Recreational goods and vehicles",1897.5,2105.9,2366.4,2458.5,2484.0,2461.1,2666.5,3051.2,3475.0,3678.9,3854.0,3762.6,3377.1,3468.6,3520.1,3567.1,3757.0,3857.9,3999.8,4282.2,4387.8,4440.2
 "45000" ,"South Carolina",5,SAEXP1,"Total personal consumption expenditures (PCE) by state","Millions of current dollars",7,"...","   Other durable goods",1051.4,1134.6,1251.9,1312.2,1292.6,1382.4,1548.9,1720.6,1765.1,1987.6,2208.5,2202.4,2166.3,2253.0,2354.1,2399.9,2508.8,2648.8,2768.4,2826.9,2929.7,3054.3
 "45000" ,"South Carolina",5,SAEXP1,"Total personal consumption expenditures (PCE) by state","Millions of current dollars",8,"...","  Nondurable goods",17901.2,18511.0,20265.2,21641.8,22035.3,22482.2,23985.8,26172.1,28651.5,30723.6,32153.7,34215.8,32936.3,34971.1,37326.9,38313.3,39252.3,40360.5,39466.0,39810.5,41147.2,43383.0
 "45000" ,"South Carolina",5,SAEXP1,"Total personal consumption expenditures (PCE) by state","Millions of current dollars",9,"...","   Food and beverages purchased for off-premises consumption",6772.8,7078.9,7582.2,7874.2,8076.9,8047.2,8224.9,8911.6,9738.5,10097.9,10651.6,11493.8,11798.0,12153.5,12376.8,12579.5,12964.2,13542.0,13735.4,13944.2,14118.0,14532.3
 "45000" ,"South Carolina",5,SAEXP1,"Total personal consumption expenditures (PCE) by state","Millions of current dollars",10,"...","   Clothing and footwear",3561.7,3687.1,3938.0,3903.3,3870.7,3997.7,4247.7,4509.3,4329.9,4575.5,4693.7,4649.7,4488.0,4568.6,4708.7,4817.4,4867.1,5111.4,5242.8,5385.5,5506.7,5886.1
 "45000" ,"South Carolina",5,SAEXP1,"Total personal consumption expenditures (PCE) by state","Millions of current dollars",11,"...","   Gasoline and other energy goods",2439.7,2202.8,2450.0,3170.7,2980.7,2908.8,3495.2,4178.3,5193.8,6042.1,6381.3,7290.5,5390.4,6460.9,8023.8,8231.6,8125.9,7709.1,5795.6,5188.7,5673.6,6465.6
 "45000" ,"South Carolina",5,SAEXP1,"Total personal consumption expenditures (PCE) by state","Millions of current dollars",12,"...","   Other nondurable goods",5127.0,5542.2,6295.0,6693.5,7106.9,7528.6,8018.0,8572.9,9389.3,10008.1,10427.1,10781.8,11259.9,11788.0,12217.6,12684.8,13295.0,13998.1,14692.3,15292.1,15848.8,16499.0
 "45000" ,"South Carolina",5,SAEXP1,"Total personal consumption expenditures (PCE) by state","Millions of current dollars",13,"..."," Services",39705.5,42430.0,44721.8,48032.2,50827.8,53540.3,56439.6,60029.7,63942.0,68350.0,72832.7,76800.4,77824.3,80594.5,83144.9,85613.0,88887.6,93537.6,99008.3,104270.7,108893.7,113630.5
 "45000" ,"South Carolina",5,SAEXP1,"Total personal consumption expenditures (PCE) by state","Millions of current dollars",14,"...","  Household consumption expenditures (for services)",38885.4,41371.9,43695.8,46838.2,49217.9,51675.3,54642.7,58380.7,62384.9,66435.9,70774.7,74369.5,75552.3,78475.2,80868.5,83009.2,85989.6,90427.3,95916.4,100890.1,105373.7,109833.2
 "45000" ,"South Carolina",5,SAEXP1,"Total personal consumption expenditures (PCE) by state","Millions of current dollars",15,"...","   Housing and utilities",10881.0,11561.9,12170.3,12982.3,13793.2,14356.9,15014.9,15816.3,17099.1,18132.9,19136.5,20069.5,20727.5,21557.9,22171.4,22808.9,23701.5,25031.7,26506.9,28064.2,29115.1,30573.8
 "45000" ,"South Carolina",5,SAEXP1,"Total personal consumption expenditures (PCE) by state","Millions of current dollars",16,"...","   Health care",9772.0,10296.7,10831.1,11657.0,12826.5,13977.9,14856.8,15931.0,17024.2,18082.3,19309.7,20635.3,21626.7,22399.7,22999.0,23409.9,24248.2,25579.7,27356.4,28566.8,29259.1,29903.7
 "45000" ,"South Carolina",5,SAEXP1,"Total personal consumption expenditures (PCE) by state","Millions of current dollars",17,"...","   Transportation services",1650.6,1805.2,2041.3,2177.6,2188.3,2169.1,2255.0,2411.5,2510.2,2534.8,2625.2,2669.4,2534.8,2584.7,2719.3,2756.4,2911.0,3105.6,3324.2,3592.0,3782.6,3935.3
 "45000" ,"South Carolina",5,SAEXP1,"Total personal consumption expenditures (PCE) by state","Millions of current dollars",18,"...","   Recreation services",2899.3,2985.8,3150.5,3193.4,3094.0,3125.8,3312.1,3577.1,3706.4,3901.8,4162.2,4441.2,4406.9,4573.0,4649.2,4900.2,5167.3,5411.2,5878.2,6273.2,6804.3,7087.5
 "45000" ,"South Carolina",5,SAEXP1,"Total personal consumption expenditures (PCE) by state","Millions of current dollars",19,"...","   Food services and accommodations",5036.8,5259.3,5603.3,5932.7,5994.9,6267.2,6735.5,7280.0,7811.2,8382.8,8858.4,9115.1,9025.3,9428.7,9867.7,10402.2,10738.0,11184.4,12067.8,12734.6,13301.5,13989.2
 "45000" ,"South Carolina",5,SAEXP1,"Total personal consumption expenditures (PCE) by state","Millions of current dollars",20,"...","   Financial services and insurance",3623.5,3913.8,4325.4,4954.4,4772.9,4851.4,5075.8,5625.0,6146.7,6680.4,7349.8,7826.1,7503.6,7956.3,8365.6,8672.4,9158.3,9682.9,9954.9,10186.9,10992.4,11591.2
 "45000" ,"South Carolina",5,SAEXP1,"Total personal consumption expenditures (PCE) by state","Millions of current dollars",21,"...","   Other services",5022.3,5549.3,5573.9,5940.8,6548.0,6926.9,7392.5,7739.9,8087.2,8721.1,9332.9,9613.0,9727.4,9975.0,10096.4,10059.3,10065.3,10431.8,10827.9,11472.3,12118.6,12752.6
 "45000" ,"South Carolina",5,SAEXP1,"Total personal consumption expenditures (PCE) by state","Millions of current dollars",22,"...","  Final consumption expenditures of nonprofit institutions serving households (NPISHs)",820.0,1058.0,1026.0,1194.0,1610.0,1865.0,1797.0,1649.0,1557.0,1914.1,2058.0,2430.8,2272.0,2119.3,2276.4,2603.8,2898.0,3110.3,3091.9,3380.6,3520.0,3797.3
 "45000" ,"South Carolina",5,SAEXP1,"Total personal consumption expenditures (PCE) by state","Millions of current dollars",23,"...","   Gross output of nonprofit institutions",6150.0,6934.0,6991.0,7427.0,8500.0,9441.0,9713.0,10096.0,10613.0,11656.0,12539.0,12978.8,13052.6,13183.2,13190.7,13401.6,13908.1,14702.6,15391.0,16127.1,16772.9,17614.0
 "45000" ,"South Carolina",5,SAEXP1,"Total personal consumption expenditures (PCE) by state","Millions of current dollars",24,"...","   Less: Receipts from sales of goods and services by nonprofit institutions",5330.0,5876.0,5965.0,6233.0,6890.0,7576.0,7916.0,8447.0,9056.0,9742.0,10481.0,10548.0,10780.6,11063.9,10914.3,10797.8,11010.1,11592.3,12299.1,12746.5,13252.9,13816.7
"Note: See the included footnote file."
"SAEXP1: Total personal consumption expenditures (PCE) by state 1/"
"Last updated: October 3, 2019-- new PCE by state statistics for 2018; revised statistics for 2014-2017."
"Source: U.S. Department of Commerce / Bureau of Economic Analysis / Regional Economic Accounts"
