GeoFIPS,GeoName,Region,TableName,ComponentName,Unit,Line,IndustryClassification,Description,1997,1998,1999,2000,2001,2002,2003,2004,2005,2006,2007,2008,2009,2010,2011,2012,2013,2014,2015,2016,2017,2018
 "35000" ,"New Mexico",6,SAEXP1,"Total personal consumption expenditures (PCE) by state","Millions of current dollars",1,"...","Personal consumption expenditures",30794.3,32456.8,34578.7,36477.0,37942.1,39598.7,41894.6,45253.1,48607.5,51839.1,54636.0,57115.1,56776.1,58723.6,61255.3,63101.1,64453.3,67006.7,68924.5,70645.9,72613.4,75976.6
 "35000" ,"New Mexico",6,SAEXP1,"Total personal consumption expenditures (PCE) by state","Millions of current dollars",2,"..."," Goods",11761.7,12251.1,13245.4,13961.9,14282.9,14798.7,15688.6,17076.9,18218.1,19486.7,20656.7,21144.2,19720.3,20309.6,21429.6,21976.5,22337.7,22991.5,23060.6,23074.3,23648.7,24910.0
 "35000" ,"New Mexico",6,SAEXP1,"Total personal consumption expenditures (PCE) by state","Millions of current dollars",3,"...","  Durable goods",4428.5,4714.2,5102.3,5281.1,5464.6,5768.0,5965.0,6514.7,6791.8,7007.7,7387.9,7037.5,6405.7,6471.0,6636.8,6959.7,7219.2,7490.3,7769.2,7897.1,8070.9,8428.0
 "35000" ,"New Mexico",6,SAEXP1,"Total personal consumption expenditures (PCE) by state","Millions of current dollars",4,"...","   Motor vehicles and parts",1826.0,1974.8,2127.0,2180.3,2344.7,2503.8,2481.1,2604.5,2689.5,2638.9,2738.7,2371.0,2088.7,2213.0,2353.6,2570.7,2716.4,2848.0,3023.0,3044.2,3098.4,3232.5
 "35000" ,"New Mexico",6,SAEXP1,"Total personal consumption expenditures (PCE) by state","Millions of current dollars",5,"...","   Furnishings and durable household equipment",1011.4,1067.9,1139.5,1194.1,1191.6,1237.8,1308.8,1429.8,1497.7,1579.3,1653.3,1561.8,1363.6,1348.9,1366.1,1426.3,1464.0,1516.4,1559.4,1585.3,1645.6,1718.2
 "35000" ,"New Mexico",6,SAEXP1,"Total personal consumption expenditures (PCE) by state","Millions of current dollars",6,"...","   Recreational goods and vehicles",923.1,968.5,1081.4,1113.7,1142.1,1193.3,1269.4,1475.6,1579.2,1658.8,1757.2,1840.4,1686.0,1609.5,1585.6,1600.5,1639.8,1673.5,1706.5,1752.0,1796.6,1879.5
 "35000" ,"New Mexico",6,SAEXP1,"Total personal consumption expenditures (PCE) by state","Millions of current dollars",7,"...","   Other durable goods",668.0,703.0,754.4,793.1,786.2,833.1,905.8,1004.9,1025.5,1130.8,1238.7,1264.2,1267.4,1299.6,1331.5,1362.2,1398.9,1452.4,1480.3,1515.5,1530.3,1597.8
 "35000" ,"New Mexico",6,SAEXP1,"Total personal consumption expenditures (PCE) by state","Millions of current dollars",8,"...","  Nondurable goods",7333.2,7536.9,8143.1,8680.7,8818.4,9030.7,9723.6,10562.2,11426.3,12478.9,13268.8,14106.7,13314.7,13838.6,14792.9,15016.8,15118.5,15501.2,15291.4,15177.2,15577.8,16482.0
 "35000" ,"New Mexico",6,SAEXP1,"Total personal consumption expenditures (PCE) by state","Millions of current dollars",9,"...","   Food and beverages purchased for off-premises consumption",2858.1,2963.3,3134.0,3214.7,3274.7,3290.0,3494.3,3716.8,4001.4,4343.5,4663.6,4910.8,4967.5,5001.1,5229.4,5331.3,5400.1,5578.7,5739.0,5779.9,5822.9,6068.0
 "35000" ,"New Mexico",6,SAEXP1,"Total personal consumption expenditures (PCE) by state","Millions of current dollars",10,"...","   Clothing and footwear",1163.6,1184.4,1259.9,1252.2,1290.5,1350.1,1428.5,1499.5,1466.0,1526.8,1576.0,1564.3,1554.5,1583.4,1597.3,1646.3,1651.5,1692.6,1717.3,1739.3,1760.3,1792.2
 "35000" ,"New Mexico",6,SAEXP1,"Total personal consumption expenditures (PCE) by state","Millions of current dollars",11,"...","   Gasoline and other energy goods",1114.7,1024.6,1147.4,1469.3,1394.5,1385.1,1619.3,1939.8,2390.6,2730.2,2937.8,3480.7,2554.5,2906.8,3520.4,3527.7,3522.5,3427.6,2856.9,2515.1,2722.9,3180.7
 "35000" ,"New Mexico",6,SAEXP1,"Total personal consumption expenditures (PCE) by state","Millions of current dollars",12,"...","   Other nondurable goods",2196.9,2364.5,2601.8,2744.6,2858.6,3005.5,3181.5,3406.1,3568.3,3878.4,4091.3,4150.9,4238.2,4347.2,4445.9,4511.5,4544.4,4802.4,4978.2,5143.0,5271.8,5441.2
 "35000" ,"New Mexico",6,SAEXP1,"Total personal consumption expenditures (PCE) by state","Millions of current dollars",13,"..."," Services",19032.7,20205.7,21333.2,22515.1,23659.2,24800.0,26206.0,28176.1,30389.4,32352.5,33979.3,35971.0,37055.8,38414.1,39825.6,41124.6,42115.6,44015.2,45863.9,47571.6,48964.7,51066.6
 "35000" ,"New Mexico",6,SAEXP1,"Total personal consumption expenditures (PCE) by state","Millions of current dollars",14,"...","  Household consumption expenditures (for services)",18422.6,19397.7,20422.2,21521.1,22584.2,23685.0,24992.0,26960.1,29034.4,30819.4,32494.3,34293.5,35318.0,36630.5,37920.1,39087.1,40033.2,41889.6,43711.5,45296.3,46596.5,48537.4
 "35000" ,"New Mexico",6,SAEXP1,"Total personal consumption expenditures (PCE) by state","Millions of current dollars",15,"...","   Housing and utilities",5368.8,5632.3,5898.6,6284.4,6737.9,6935.7,7251.4,7734.8,8316.4,8809.7,9151.1,9561.0,9731.8,9895.8,10238.8,10599.4,11010.0,11479.2,12011.3,12400.5,12899.0,13446.0
 "35000" ,"New Mexico",6,SAEXP1,"Total personal consumption expenditures (PCE) by state","Millions of current dollars",16,"...","   Health care",4392.7,4507.5,4649.0,4772.2,5099.4,5575.6,5846.0,6738.4,7438.5,7644.2,8131.9,8881.6,9674.1,10155.3,10557.5,10943.2,10982.8,11559.2,12079.6,12781.9,13006.1,13511.8
 "35000" ,"New Mexico",6,SAEXP1,"Total personal consumption expenditures (PCE) by state","Millions of current dollars",17,"...","   Transportation services",1093.2,1168.5,1228.8,1329.0,1387.8,1394.5,1429.7,1461.6,1550.9,1598.4,1689.3,1748.8,1611.7,1670.8,1760.7,1810.2,1873.4,1880.6,1898.6,1958.7,2034.1,2120.9
 "35000" ,"New Mexico",6,SAEXP1,"Total personal consumption expenditures (PCE) by state","Millions of current dollars",18,"...","   Recreation services",1306.2,1453.2,1527.6,1466.6,1497.0,1558.1,1687.2,1789.5,1869.5,2050.0,2281.3,2456.2,2562.0,2612.2,2605.0,2749.3,2795.9,2865.5,3031.2,3129.0,3175.1,3231.9
 "35000" ,"New Mexico",6,SAEXP1,"Total personal consumption expenditures (PCE) by state","Millions of current dollars",19,"...","   Food services and accommodations",2204.7,2270.0,2358.0,2530.5,2606.8,2781.4,2967.4,3173.2,3389.1,3679.2,3859.7,4026.1,4094.7,4205.5,4336.2,4490.3,4653.1,4941.2,5178.6,5330.0,5439.5,5636.6
 "35000" ,"New Mexico",6,SAEXP1,"Total personal consumption expenditures (PCE) by state","Millions of current dollars",20,"...","   Financial services and insurance",1993.9,2162.8,2345.7,2594.1,2529.0,2609.6,2766.8,2933.3,3218.9,3432.3,3628.5,3744.9,3684.8,4073.3,4349.8,4419.9,4618.5,4926.0,5154.1,5295.3,5462.6,5815.8
 "35000" ,"New Mexico",6,SAEXP1,"Total personal consumption expenditures (PCE) by state","Millions of current dollars",21,"...","   Other services",2063.2,2203.5,2414.5,2544.3,2726.3,2830.0,3043.5,3129.4,3251.0,3605.7,3752.6,3874.8,3958.9,4017.7,4072.1,4074.8,4099.6,4237.9,4358.1,4400.9,4580.1,4774.4
 "35000" ,"New Mexico",6,SAEXP1,"Total personal consumption expenditures (PCE) by state","Millions of current dollars",22,"...","  Final consumption expenditures of nonprofit institutions serving households (NPISHs)",610.0,808.0,911.0,994.0,1075.0,1115.0,1214.0,1216.0,1355.0,1533.0,1485.0,1677.5,1737.8,1783.6,1905.5,2037.6,2082.3,2125.6,2152.4,2275.3,2368.1,2529.2
 "35000" ,"New Mexico",6,SAEXP1,"Total personal consumption expenditures (PCE) by state","Millions of current dollars",23,"...","   Gross output of nonprofit institutions",2521.0,2859.0,3068.0,3251.0,3426.0,3589.0,3848.0,4046.0,4492.0,4860.0,4937.0,5318.7,5622.2,5880.3,6157.2,6478.0,6603.4,6831.4,7158.6,7623.1,7928.4,8326.0
 "35000" ,"New Mexico",6,SAEXP1,"Total personal consumption expenditures (PCE) by state","Millions of current dollars",24,"...","   Less: Receipts from sales of goods and services by nonprofit institutions",1911.0,2051.0,2157.0,2257.0,2351.0,2474.0,2634.0,2830.0,3137.0,3327.0,3452.0,3641.2,3884.5,4096.8,4251.7,4440.4,4521.1,4705.8,5006.2,5347.8,5560.2,5796.8
"Note: See the included footnote file."
"SAEXP1: Total personal consumption expenditures (PCE) by state 1/"
"Last updated: October 3, 2019-- new PCE by state statistics for 2018; revised statistics for 2014-2017."
"Source: U.S. Department of Commerce / Bureau of Economic Analysis / Regional Economic Accounts"
