GeoFIPS,GeoName,Region,TableName,ComponentName,Unit,Line,IndustryClassification,Description,1997,1998,1999,2000,2001,2002,2003,2004,2005,2006,2007,2008,2009,2010,2011,2012,2013,2014,2015,2016,2017,2018
 "21000" ,"Kentucky",5,SAEXP2,"Per capita personal consumption expenditures (PCE) by state","Dollars",1,"...","Per capita personal consumption expenditures",17067,17925,18903,20079,20684,21450,22349,23469,24656,25745,26398,26963,26810,27553,28662,29330,29805,30752,31696,32720,33828,35150
 "21000" ,"Kentucky",5,SAEXP2,"Per capita personal consumption expenditures (PCE) by state","Dollars",2,"..."," Goods",6911,7181,7765,8215,8281,8519,8835,9336,9689,10167,10331,10379,10016,10403,10978,11233,11281,11459,11511,11739,12126,12554
 "21000" ,"Kentucky",5,SAEXP2,"Per capita personal consumption expenditures (PCE) by state","Dollars",3,"...","  Durable goods",2320,2454,2645,2750,2706,2847,2897,3023,3044,3069,3115,2845,2711,2809,2900,3066,3131,3222,3437,3601,3700,3831
 "21000" ,"Kentucky",5,SAEXP2,"Per capita personal consumption expenditures (PCE) by state","Dollars",4,"...","   Motor vehicles and parts",1053,1121,1201,1207,1197,1239,1226,1234,1196,1134,1136,988,947,1042,1075,1156,1183,1226,1346,1361,1383,1426
 "21000" ,"Kentucky",5,SAEXP2,"Per capita personal consumption expenditures (PCE) by state","Dollars",5,"...","   Furnishings and durable household equipment",523,551,589,622,604,651,667,706,731,737,740,673,631,635,637,672,682,691,736,788,823,863
 "21000" ,"Kentucky",5,SAEXP2,"Per capita personal consumption expenditures (PCE) by state","Dollars",6,"...","   Recreational goods and vehicles",491,511,561,610,602,643,674,734,753,799,816,773,730,720,748,787,807,823,839,927,964,995
 "21000" ,"Kentucky",5,SAEXP2,"Per capita personal consumption expenditures (PCE) by state","Dollars",7,"...","   Other durable goods",253,270,295,311,303,314,329,349,364,399,423,411,402,413,441,451,460,483,516,524,529,547
 "21000" ,"Kentucky",5,SAEXP2,"Per capita personal consumption expenditures (PCE) by state","Dollars",8,"...","  Nondurable goods",4591,4728,5119,5465,5575,5672,5938,6313,6645,7098,7216,7534,7306,7594,8078,8167,8149,8236,8074,8138,8426,8722
 "21000" ,"Kentucky",5,SAEXP2,"Per capita personal consumption expenditures (PCE) by state","Dollars",9,"...","   Food and beverages purchased for off-premises consumption",1714,1774,1863,1919,1968,1992,2065,2193,2283,2353,2440,2564,2646,2667,2756,2828,2852,2889,2965,3035,3135,3197
 "21000" ,"Kentucky",5,SAEXP2,"Per capita personal consumption expenditures (PCE) by state","Dollars",10,"...","   Clothing and footwear",702,731,785,784,775,765,773,774,789,821,813,789,760,768,792,797,787,819,843,868,868,892
 "21000" ,"Kentucky",5,SAEXP2,"Per capita personal consumption expenditures (PCE) by state","Dollars",11,"...","   Gasoline and other energy goods",623,556,604,758,712,675,800,940,1132,1360,1339,1534,1122,1303,1585,1573,1521,1419,1060,925,1015,1144
 "21000" ,"Kentucky",5,SAEXP2,"Per capita personal consumption expenditures (PCE) by state","Dollars",12,"...","   Other nondurable goods",1552,1667,1868,2004,2119,2240,2300,2407,2441,2564,2624,2648,2778,2856,2946,2968,2989,3109,3205,3309,3407,3489
 "21000" ,"Kentucky",5,SAEXP2,"Per capita personal consumption expenditures (PCE) by state","Dollars",13,"..."," Services",10156,10743,11138,11864,12403,12931,13514,14134,14967,15578,16067,16584,16794,17150,17684,18096,18525,19294,20185,20980,21703,22597
 "21000" ,"Kentucky",5,SAEXP2,"Per capita personal consumption expenditures (PCE) by state","Dollars",14,"...","  Household consumption expenditures (for services)",9782,10280,10674,11331,11843,12364,12906,13541,14330,14814,15328,15742,15935,16278,16757,17132,17514,18267,19120,19860,20541,21360
 "21000" ,"Kentucky",5,SAEXP2,"Per capita personal consumption expenditures (PCE) by state","Dollars",15,"...","   Housing and utilities",2580,2680,2808,2985,3177,3271,3402,3564,3830,3968,4122,4253,4290,4352,4446,4582,4715,4913,5067,5283,5463,5682
 "21000" ,"Kentucky",5,SAEXP2,"Per capita personal consumption expenditures (PCE) by state","Dollars",16,"...","   Health care",2786,2913,3008,3196,3449,3714,3842,4070,4316,4487,4669,4789,5014,5106,5294,5366,5455,5664,6044,6319,6477,6720
 "21000" ,"Kentucky",5,SAEXP2,"Per capita personal consumption expenditures (PCE) by state","Dollars",17,"...","   Transportation services",522,558,590,621,586,581,650,639,650,599,610,612,559,553,587,584,590,607,627,660,688,731
 "21000" ,"Kentucky",5,SAEXP2,"Per capita personal consumption expenditures (PCE) by state","Dollars",18,"...","   Recreation services",707,716,747,772,775,800,851,897,922,959,1012,1064,1082,1105,1092,1135,1154,1180,1232,1271,1306,1334
 "21000" ,"Kentucky",5,SAEXP2,"Per capita personal consumption expenditures (PCE) by state","Dollars",19,"...","   Food services and accommodations",1117,1185,1187,1214,1251,1308,1373,1465,1537,1614,1650,1685,1713,1761,1824,1904,1930,2028,2149,2238,2320,2422
 "21000" ,"Kentucky",5,SAEXP2,"Per capita personal consumption expenditures (PCE) by state","Dollars",20,"...","   Financial services and insurance",978,1065,1154,1276,1248,1285,1305,1372,1459,1469,1488,1524,1425,1524,1623,1685,1783,1952,2081,2125,2241,2370
 "21000" ,"Kentucky",5,SAEXP2,"Per capita personal consumption expenditures (PCE) by state","Dollars",21,"...","   Other services",1093,1164,1181,1267,1357,1405,1482,1534,1616,1718,1777,1816,1854,1877,1890,1876,1888,1922,1921,1965,2046,2102
 "21000" ,"Kentucky",5,SAEXP2,"Per capita personal consumption expenditures (PCE) by state","Dollars",22,"...","  Final consumption expenditures of nonprofit institutions serving households (NPISHs)",374,463,464,533,560,568,609,592,637,764,739,842,859,872,927,964,1011,1026,1065,1120,1162,1236
 "21000" ,"Kentucky",5,SAEXP2,"Per capita personal consumption expenditures (PCE) by state","Dollars",23,"...","   Gross output of nonprofit institutions",1565,1734,1753,1884,1972,2059,2161,2237,2394,2648,2677,2816,2925,3010,3113,3209,3296,3342,3558,3742,3878,4059
 "21000" ,"Kentucky",5,SAEXP2,"Per capita personal consumption expenditures (PCE) by state","Dollars",24,"...","   Less: Receipts from sales of goods and services by nonprofit institutions",1192,1271,1289,1351,1412,1491,1553,1645,1757,1884,1938,1974,2067,2138,2186,2245,2285,2316,2493,2622,2716,2823
"Note: See the included footnote file."
"SAEXP2: Per capita personal consumption expenditures (PCE) by state 1/"
"Last updated: October 3, 2019-- new per capita PCE by state statistics for 2018; revised statistics for 2010-2017."
"Source: U.S. Department of Commerce / Bureau of Economic Analysis / Regional Economic Accounts"
