GeoFIPS,GeoName,Region,TableName,ComponentName,Unit,Line,IndustryClassification,Description,1997,1998,1999,2000,2001,2002,2003,2004,2005,2006,2007,2008,2009,2010,2011,2012,2013,2014,2015,2016,2017,2018
 "93000" ,"Great Lakes",3,SAEXP1,"Total personal consumption expenditures (PCE) by state","Millions of current dollars",1,"...","Personal consumption expenditures",896927.3,946320.2,1004153.2,1073254.3,1114348.1,1153233.2,1204027.2,1266678.3,1330825.0,1388059.2,1442438.6,1475773.3,1453901.9,1498666.3,1558390.3,1600250.2,1634821.0,1694766.2,1749174.6,1804437.4,1876027.3,1958408.8
 "93000" ,"Great Lakes",3,SAEXP1,"Total personal consumption expenditures (PCE) by state","Millions of current dollars",2,"..."," Goods",327700.4,340907.9,366233.9,388800.3,394752.7,404140.4,417050.6,436719.5,450827.3,465368.3,480757.8,478924.3,454100.6,473958.3,502708.1,516078.1,525831.7,539186.4,544002.5,553038.4,575910.9,597918.0
 "93000" ,"Great Lakes",3,SAEXP1,"Total personal consumption expenditures (PCE) by state","Millions of current dollars",3,"...","  Durable goods",119535.3,127849.2,139140.6,144951.3,147168.3,153077.1,154267.7,160079.9,161549.7,160706.6,164113.3,152918.6,143083.9,148285.0,154748.5,160383.5,165658.5,172230.9,179671.8,186101.1,193583.7,199694.5
 "93000" ,"Great Lakes",3,SAEXP1,"Total personal consumption expenditures (PCE) by state","Millions of current dollars",4,"...","   Motor vehicles and parts",50884.5,53953.5,58788.3,58758.6,61304.0,62941.3,60824.4,59982.6,57556.8,52904.1,52944.9,47139.5,45246.2,48719.7,51703.1,54720.5,56907.2,60814.1,64467.6,65683.9,68113.5,70595.4
 "93000" ,"Great Lakes",3,SAEXP1,"Total personal consumption expenditures (PCE) by state","Millions of current dollars",5,"...","   Furnishings and durable household equipment",26617.7,28320.9,30603.2,33279.9,33373.8,34713.5,35459.7,37394.1,38305.3,38299.4,37990.5,35361.5,32078.0,32602.3,33517.4,34609.6,35632.9,36830.3,39522.1,41940.6,44257.9,45524.2
 "93000" ,"Great Lakes",3,SAEXP1,"Total personal consumption expenditures (PCE) by state","Millions of current dollars",6,"...","   Recreational goods and vehicles",27233.9,29643.3,32476.3,34546.3,34682.0,36946.2,38303.2,41783.0,43667.2,45600.0,47558.0,45340.3,41318.9,41460.4,42449.3,43315.0,44735.9,45473.6,45473.2,47857.5,50162.4,51255.1
 "93000" ,"Great Lakes",3,SAEXP1,"Total personal consumption expenditures (PCE) by state","Millions of current dollars",7,"...","   Other durable goods",14799.2,15931.5,17272.7,18366.5,17808.5,18476.1,19680.3,20920.2,22020.5,23903.2,25619.9,25077.4,24440.8,25502.6,27078.7,27738.3,28382.4,29113.0,30208.9,30619.0,31050.0,32319.7
 "93000" ,"Great Lakes",3,SAEXP1,"Total personal consumption expenditures (PCE) by state","Millions of current dollars",8,"...","  Nondurable goods",208165.1,213058.7,227093.4,243849.0,247584.3,251063.4,262782.9,276639.6,289277.6,304661.6,316644.5,326005.7,311016.7,325673.2,347959.6,355694.7,360173.2,366955.4,364330.8,366937.4,382327.1,398223.5
 "93000" ,"Great Lakes",3,SAEXP1,"Total personal consumption expenditures (PCE) by state","Millions of current dollars",9,"...","   Food and beverages purchased for off-premises consumption",77090.3,78188.2,81006.3,84779.1,87595.4,89171.9,92246.9,96450.0,99547.4,103143.3,107449.9,110895.7,111070.3,112284.2,116671.6,119729.2,120803.3,123686.4,126046.0,128087.9,132316.3,136295.2
 "93000" ,"Great Lakes",3,SAEXP1,"Total personal consumption expenditures (PCE) by state","Millions of current dollars",10,"...","   Clothing and footwear",38678.0,40312.2,41980.0,43073.0,42345.3,41747.7,42384.8,42922.8,43748.9,44416.1,43861.9,43041.0,41423.0,42946.4,44327.2,45629.7,45893.5,46736.1,47465.4,48128.6,48092.9,49325.9
 "93000" ,"Great Lakes",3,SAEXP1,"Total personal consumption expenditures (PCE) by state","Millions of current dollars",11,"...","   Gasoline and other energy goods",23488.6,21100.5,23768.7,29881.3,28254.5,26616.5,31207.2,35819.2,42481.0,47864.6,52705.0,58497.6,42542.7,50652.9,62615.6,63492.3,62999.9,60465.0,46884.6,41727.5,46825.6,53778.8
 "93000" ,"Great Lakes",3,SAEXP1,"Total personal consumption expenditures (PCE) by state","Millions of current dollars",12,"...","   Other nondurable goods",68908.1,73457.7,80338.4,86115.6,89389.1,93527.3,96944.0,101447.7,103500.3,109237.6,112627.7,113571.4,115980.8,119789.6,124345.3,126843.4,130476.5,136067.9,143934.9,148993.4,155092.3,158823.6
 "93000" ,"Great Lakes",3,SAEXP1,"Total personal consumption expenditures (PCE) by state","Millions of current dollars",13,"..."," Services",569226.9,605412.4,637919.3,684454.1,719595.5,749092.7,786976.7,829958.7,879997.7,922691.0,961680.7,996849.0,999801.3,1024708.1,1055682.2,1084172.1,1108989.3,1155579.9,1205172.1,1251398.9,1300116.5,1360490.8
 "93000" ,"Great Lakes",3,SAEXP1,"Total personal consumption expenditures (PCE) by state","Millions of current dollars",14,"...","  Household consumption expenditures (for services)",541529.7,572441.6,602746.1,645190.6,676409.1,702810.1,738929.9,781692.2,829844.0,867404.2,906541.9,933995.3,935966.6,959213.5,986647.5,1009706.2,1032813.0,1077208.9,1124909.9,1166117.1,1211367.8,1265988.4
 "93000" ,"Great Lakes",3,SAEXP1,"Total personal consumption expenditures (PCE) by state","Millions of current dollars",15,"...","   Housing and utilities",153243.3,160052.7,169045.4,180337.4,193109.6,199675.9,209009.0,218556.6,235570.3,246600.6,255833.0,265304.1,266457.2,266847.5,270828.6,272045.9,277056.9,287614.2,294895.8,303971.4,314908.5,326441.6
 "93000" ,"Great Lakes",3,SAEXP1,"Total personal consumption expenditures (PCE) by state","Millions of current dollars",16,"...","   Health care",127207.0,132842.4,138252.0,147419.5,159847.5,172451.9,183352.8,196954.8,210055.5,221095.8,234293.6,244076.4,256169.3,265777.6,274155.5,284640.6,289204.1,300333.7,316485.8,330470.2,340548.1,355241.2
 "93000" ,"Great Lakes",3,SAEXP1,"Total personal consumption expenditures (PCE) by state","Millions of current dollars",17,"...","   Transportation services",39978.1,41735.0,44738.5,47830.7,47108.4,45380.3,46211.7,47710.3,48831.2,49400.7,50127.2,50601.5,47767.9,48783.2,52494.9,53543.0,55775.0,59750.2,62203.3,65261.6,67510.8,70607.0
 "93000" ,"Great Lakes",3,SAEXP1,"Total personal consumption expenditures (PCE) by state","Millions of current dollars",18,"...","   Recreation services",38702.4,40402.7,42485.4,44418.0,45226.5,46604.6,48703.0,51642.4,53834.6,56011.2,59454.5,61197.7,60809.2,62688.8,62967.0,65428.5,67835.0,70174.2,73558.5,77192.5,80506.6,83334.2
 "93000" ,"Great Lakes",3,SAEXP1,"Total personal consumption expenditures (PCE) by state","Millions of current dollars",19,"...","   Food services and accommodations",52826.7,55672.5,57535.3,60994.9,62852.8,65152.2,68227.7,72174.8,75661.7,79079.8,82431.4,83819.7,82841.9,85511.9,89637.3,93980.4,96495.9,100556.7,108067.4,112166.5,116726.3,123230.3
 "93000" ,"Great Lakes",3,SAEXP1,"Total personal consumption expenditures (PCE) by state","Millions of current dollars",20,"...","   Financial services and insurance",57480.9,63273.2,69727.6,78224.4,75827.8,77863.3,82133.6,89483.5,96958.6,100836.6,105280.0,106648.8,99488.3,104754.4,110157.2,112983.4,118451.3,126592.8,134796.9,137990.9,146492.6,156497.6
 "93000" ,"Great Lakes",3,SAEXP1,"Total personal consumption expenditures (PCE) by state","Millions of current dollars",21,"...","   Other services",72091.4,78463.0,80962.0,85965.7,92436.6,95682.0,101292.1,105169.9,108932.2,114379.5,119122.2,122347.1,122432.9,124850.1,126407.0,127084.6,127994.8,132187.1,134902.3,139064.0,144674.9,150636.4
 "93000" ,"Great Lakes",3,SAEXP1,"Total personal consumption expenditures (PCE) by state","Millions of current dollars",22,"...","  Final consumption expenditures of nonprofit institutions serving households (NPISHs)",27697.2,32970.7,35173.2,39263.5,43186.4,46282.6,48046.7,48266.5,50153.6,55286.7,55138.9,62853.7,63834.7,65494.6,69034.7,74465.8,76176.3,78370.9,80262.2,85281.9,88748.7,94502.4
 "93000" ,"Great Lakes",3,SAEXP1,"Total personal consumption expenditures (PCE) by state","Millions of current dollars",23,"...","   Gross output of nonprofit institutions",100462.1,108784.4,113593.2,121625.7,130495.9,139900.1,144887.0,151737.3,159960.5,169417.3,173625.2,184639.1,191682.7,198259.9,205336.2,214897.4,220129.0,227037.1,237139.2,250041.9,260054.0,273095.5
 "93000" ,"Great Lakes",3,SAEXP1,"Total personal consumption expenditures (PCE) by state","Millions of current dollars",24,"...","   Less: Receipts from sales of goods and services by nonprofit institutions",72764.9,75813.7,78420.0,82362.2,87309.5,93617.5,96840.3,103470.9,109806.8,114130.6,118486.3,121785.4,127848.0,132765.3,136301.5,140431.6,143952.7,148666.1,156877.0,164760.1,171305.3,178593.1
"Note: See the included footnote file."
"SAEXP1: Total personal consumption expenditures (PCE) by state 1/"
"Last updated: October 3, 2019-- new PCE by state statistics for 2018; revised statistics for 2014-2017."
"Source: U.S. Department of Commerce / Bureau of Economic Analysis / Regional Economic Accounts"
